y,nu,U,t,u
0.0,0.006688152489317449,0.739827784849302,5.0,1.0
0.0,0.006688152489317449,0.739827784849302,5.2631578947368425,1.0
0.0,0.006688152489317449,0.739827784849302,5.526315789473684,1.0
0.0,0.006688152489317449,0.739827784849302,5.7894736842105265,1.0
0.0,0.006688152489317449,0.739827784849302,6.052631578947368,1.0
0.0,0.006688152489317449,0.739827784849302,6.315789473684211,1.0
0.0,0.006688152489317449,0.739827784849302,6.578947368421053,1.0
0.0,0.006688152489317449,0.739827784849302,6.842105263157895,1.0
0.0,0.006688152489317449,0.739827784849302,7.105263157894736,1.0
0.0,0.006688152489317449,0.739827784849302,7.368421052631579,1.0
0.0,0.006688152489317449,0.739827784849302,7.631578947368421,1.0
0.0,0.006688152489317449,0.739827784849302,7.894736842105263,1.0
0.0,0.006688152489317449,0.739827784849302,8.157894736842106,1.0
0.0,0.006688152489317449,0.739827784849302,8.421052631578947,1.0
0.0,0.006688152489317449,0.739827784849302,8.68421052631579,1.0
0.0,0.006688152489317449,0.739827784849302,8.947368421052632,1.0
0.0,0.006688152489317449,0.739827784849302,9.210526315789473,1.0
0.0,0.006688152489317449,0.739827784849302,9.473684210526315,1.0
0.0,0.006688152489317449,0.739827784849302,9.736842105263158,1.0
0.0,0.006688152489317449,0.739827784849302,10.0,1.0
0.05263157894736842,0.006688152489317449,0.739827784849302,5.0,0.8387336611041548
0.05263157894736842,0.006688152489317449,0.739827784849302,5.2631578947368425,0.8427630468884365
0.05263157894736842,0.006688152489317449,0.739827784849302,5.526315789473684,0.8465047654287009
0.05263157894736842,0.006688152489317449,0.739827784849302,5.7894736842105265,0.8499914912022516
0.05263157894736842,0.006688152489317449,0.739827784849302,6.052631578947368,0.8532509285489741
0.05263157894736842,0.006688152489317449,0.739827784849302,6.315789473684211,0.8563067432200341
0.05263157894736842,0.006688152489317449,0.739827784849302,6.578947368421053,0.859179289056489
0.05263157894736842,0.006688152489317449,0.739827784849302,6.842105263157895,0.8618861809991877
0.05263157894736842,0.006688152489317449,0.739827784849302,7.105263157894736,0.8644427514128404
0.05263157894736842,0.006688152489317449,0.739827784849302,7.368421052631579,0.8668624168038317
0.05263157894736842,0.006688152489317449,0.739827784849302,7.631578947368421,0.8691569750099705
0.05263157894736842,0.006688152489317449,0.739827784849302,7.894736842105263,0.8713368479222026
0.05263157894736842,0.006688152489317449,0.739827784849302,8.157894736842106,0.8734112811557462
0.05263157894736842,0.006688152489317449,0.739827784849302,8.421052631578947,0.8753885094128466
0.05263157894736842,0.006688152489317449,0.739827784849302,8.68421052631579,0.8772758942930068
0.05263157894736842,0.006688152489317449,0.739827784849302,8.947368421052632,0.8790800398166728
0.05263157894736842,0.006688152489317449,0.739827784849302,9.210526315789473,0.8808068898002084
0.05263157894736842,0.006688152489317449,0.739827784849302,9.473684210526315,0.8824618103581596
0.05263157894736842,0.006688152489317449,0.739827784849302,9.736842105263158,0.8840496601449207
0.05263157894736842,0.006688152489317449,0.739827784849302,10.0,0.8855748504324829
0.10526315789473684,0.006688152489317449,0.739827784849302,5.0,0.6839880941071148
0.10526315789473684,0.006688152489317449,0.739827784849302,5.2631578947368425,0.6915732636526493
0.10526315789473684,0.006688152489317449,0.739827784849302,5.526315789473684,0.6986377717267893
0.10526315789473684,0.006688152489317449,0.739827784849302,5.7894736842105265,0.7052385224188942
0.10526315789473684,0.006688152489317449,0.739827784849302,6.052631578947368,0.7114240855361802
0.10526315789473684,0.006688152489317449,0.739827784849302,6.315789473684211,0.7172362015926899
0.10526315789473684,0.006688152489317449,0.739827784849302,6.578947368421053,0.7227109677412678
0.10526315789473684,0.006688152489317449,0.739827784849302,6.842105263157895,0.7278797815511502
0.10526315789473684,0.006688152489317449,0.739827784849302,7.105263157894736,0.7327700989290673
0.10526315789473684,0.006688152489317449,0.739827784849302,7.368421052631579,0.7374060479127392
0.10526315789473684,0.006688152489317449,0.739827784849302,7.631578947368421,0.7418089296237799
0.10526315789473684,0.006688152489317449,0.739827784849302,7.894736842105263,0.7459976300887389
0.10526315789473684,0.006688152489317449,0.739827784849302,8.157894736842106,0.7499889610726547
0.10526315789473684,0.006688152489317449,0.739827784849302,8.421052631578947,0.7537979439394097
0.10526315789473684,0.006688152489317449,0.739827784849302,8.68421052631579,0.7574380474565784
0.10526315789473684,0.006688152489317449,0.739827784849302,8.947368421052632,0.7609213881187349
0.10526315789473684,0.006688152489317449,0.739827784849302,9.210526315789473,0.7642588997735361
0.10526315789473684,0.006688152489317449,0.739827784849302,9.473684210526315,0.7674604779569613
0.10526315789473684,0.006688152489317449,0.739827784849302,9.736842105263158,0.7705351032748474
0.10526315789473684,0.006688152489317449,0.739827784849302,10.0,0.7734909473320237
0.15789473684210525,0.006688152489317449,0.739827784849302,5.0,0.5415037373816075
0.15789473684210525,0.006688152489317449,0.739827784849302,5.2631578947368425,0.5517890636536238
0.15789473684210525,0.006688152489317449,0.739827784849302,5.526315789473684,0.5614157135431663
0.15789473684210525,0.006688152489317449,0.739827784849302,5.7894736842105265,0.5704507037129517
0.15789473684210525,0.006688152489317449,0.739827784849302,6.052631578947368,0.5789519374240522
0.15789473684210525,0.006688152489317449,0.739827784849302,6.315789473684211,0.5869697276356438
0.15789473684210525,0.006688152489317449,0.739827784849302,6.578947368421053,0.5945480224093516
0.15789473684210525,0.006688152489317449,0.739827784849302,6.842105263157895,0.6017253984655629
0.15789473684210525,0.006688152489317449,0.739827784849302,7.105263157894736,0.6085358726392279
0.15789473684210525,0.006688152489317449,0.739827784849302,7.368421052631579,0.6150095691572068
0.15789473684210525,0.006688152489317449,0.739827784849302,7.631578947368421,0.6211732718934305
0.15789473684210525,0.006688152489317449,0.739827784849302,7.894736842105263,0.6270508842022913
0.15789473684210525,0.006688152489317449,0.739827784849302,8.157894736842106,0.6326638139854643
0.15789473684210525,0.006688152489317449,0.739827784849302,8.421052631578947,0.6380312978863126
0.15789473684210525,0.006688152489317449,0.739827784849302,8.68421052631579,0.6431706756230123
0.15789473684210525,0.006688152489317449,0.739827784849302,8.947368421052632,0.648097623244967
0.15789473684210525,0.006688152489317449,0.739827784849302,9.210526315789473,0.652826352365115
0.15789473684210525,0.006688152489317449,0.739827784849302,9.473684210526315,0.6573697810643278
0.15789473684210525,0.006688152489317449,0.739827784849302,9.736842105263158,0.6617396810948523
0.15789473684210525,0.006688152489317449,0.739827784849302,10.0,0.6659468051616733
0.21052631578947367,0.006688152489317449,0.739827784849302,5.0,0.41561391707831746
0.21052631578947367,0.006688152489317449,0.739827784849302,5.2631578947368425,0.4275204294885877
0.21052631578947367,0.006688152489317449,0.739827784849302,5.526315789473684,0.43874159678527636
0.21052631578947367,0.006688152489317449,0.739827784849302,5.7894736842105265,0.4493392049295066
0.21052631578947367,0.006688152489317449,0.739827784849302,6.052631578947368,0.4593677434468131
0.21052631578947367,0.006688152489317449,0.739827784849302,6.315789473684211,0.468875433381426
0.21052631578947367,0.006688152489317449,0.739827784849302,6.578947368421053,0.47790509365069045
0.21052631578947367,0.006688152489317449,0.739827784849302,6.842105263157895,0.48649487226625
0.21052631578947367,0.006688152489317449,0.739827784849302,7.105263157894736,0.4946788648797687
0.21052631578947367,0.006688152489317449,0.739827784849302,7.368421052631579,0.5024876394426816
0.21052631578947367,0.006688152489317449,0.739827784849302,7.631578947368421,0.5099486825779086
0.21052631578947367,0.006688152489317449,0.739827784849302,7.894736842105263,0.5170867805604931
0.21052631578947367,0.006688152489317449,0.739827784849302,8.157894736842106,0.5239243455543344
0.21052631578947367,0.006688152489317449,0.739827784849302,8.421052631578947,0.5304816958953048
0.21052631578947367,0.006688152489317449,0.739827784849302,8.68421052631579,0.5367772976861296
0.21052631578947367,0.006688152489317449,0.739827784849302,8.947368421052632,0.5428279737190838
0.21052631578947367,0.006688152489317449,0.739827784849302,9.210526315789473,0.5486490847196521
0.21052631578947367,0.006688152489317449,0.739827784849302,9.473684210526315,0.5542546870662899
0.21052631578947367,0.006688152489317449,0.739827784849302,9.736842105263158,0.5596576704539373
0.21052631578947367,0.006688152489317449,0.739827784849302,10.0,0.5648698784038478
0.2631578947368421,0.006688152489317449,0.739827784849302,5.0,0.308883435834732
0.2631578947368421,0.006688152489317449,0.739827784849302,5.2631578947368425,0.3212939624162082
0.2631578947368421,0.006688152489317449,0.739827784849302,5.526315789473684,0.3330943327946888
0.2631578947368421,0.006688152489317449,0.739827784849302,5.7894736842105265,0.3443289621556644
0.2631578947368421,0.006688152489317449,0.739827784849302,6.052631578947368,0.35503850750422483
0.2631578947368421,0.006688152489317449,0.739827784849302,6.315789473684211,0.36526012942677466
0.2631578947368421,0.006688152489317449,0.739827784849302,6.578947368421053,0.3750277723785226
0.2631578947368421,0.006688152489317449,0.739827784849302,6.842105263157895,0.3843724441657176
0.2631578947368421,0.006688152489317449,0.739827784849302,7.105263157894736,0.39332248376595214
0.2631578947368421,0.006688152489317449,0.739827784849302,7.368421052631579,0.40190381183132146
0.2631578947368421,0.006688152489317449,0.739827784849302,7.631578947368421,0.4101401613846347
0.2631578947368421,0.006688152489317449,0.739827784849302,7.894736842105263,0.41805328811306813
0.2631578947368421,0.006688152489317449,0.739827784849302,8.157894736842106,0.4256631607633457
0.2631578947368421,0.006688152489317449,0.739827784849302,8.421052631578947,0.43298813274702663
0.2631578947368421,0.006688152489317449,0.739827784849302,8.68421052631579,0.4400450963624554
0.2631578947368421,0.006688152489317449,0.739827784849302,8.947368421052632,0.44684962115081495
0.2631578947368421,0.006688152489317449,0.739827784849302,9.210526315789473,0.4534160779030886
0.2631578947368421,0.006688152489317449,0.739827784849302,9.473684210526315,0.4597577497703269
0.2631578947368421,0.006688152489317449,0.739827784849302,9.736842105263158,0.4658869318314063
0.2631578947368421,0.006688152489317449,0.739827784849302,10.0,0.4718150203590663
0.3157894736842105,0.006688152489317449,0.739827784849302,5.0,0.2220552542655646
0.3157894736842105,0.006688152489317449,0.739827784849302,5.2631578947368425,0.23398241425960553
0.3157894736842105,0.006688152489317449,0.739827784849302,5.526315789473684,0.2454467699830848
0.3157894736842105,0.006688152489317449,0.739827784849302,5.7894736842105265,0.2564693112916909
0.3157894736842105,0.006688152489317449,0.739827784849302,6.052631578947368,0.2670712003630912
0.3157894736842105,0.006688152489317449,0.739827784849302,6.315789473684211,0.27727331144025513
0.3157894736842105,0.006688152489317449,0.739827784849302,6.578947368421053,0.28709593242255393
0.3157894736842105,0.006688152489317449,0.739827784849302,6.842105263157895,0.2965585789679256
0.3157894736842105,0.006688152489317449,0.739827784849302,7.105263157894736,0.3056798866443263
0.3157894736842105,0.006688152489317449,0.739827784849302,7.368421052631579,0.31447755696208346
0.3157894736842105,0.006688152489317449,0.739827784849302,7.631578947368421,0.3229683402842932
0.3157894736842105,0.006688152489317449,0.739827784849302,7.894736842105263,0.3311680436285884
0.3157894736842105,0.006688152489317449,0.739827784849302,8.157894736842106,0.33909155490316145
0.3157894736842105,0.006688152489317449,0.739827784849302,8.421052631578947,0.34675287761479456
0.3157894736842105,0.006688152489317449,0.739827784849302,8.68421052631579,0.35416517185694485
0.3157894736842105,0.006688152489317449,0.739827784849302,8.947368421052632,0.36134079864601987
0.3157894736842105,0.006688152489317449,0.739827784849302,9.210526315789473,0.3682913655728677
0.3157894736842105,0.006688152489317449,0.739827784849302,9.473684210526315,0.3750277723785226
0.3157894736842105,0.006688152489317449,0.739827784849302,9.736842105263158,0.38156025552177775
0.3157894736842105,0.006688152489317449,0.739827784849302,10.0,0.3878984311331909
0.3684210526315789,0.006688152489317449,0.739827784849302,5.0,0.15427436301539033
0.3684210526315789,0.006688152489317449,0.739827784849302,5.2631578947368425,0.16497776774061523
0.3684210526315789,0.006688152489317449,0.739827784849302,5.526315789473684,0.17539845799607276
0.3684210526315789,0.006688152489317449,0.739827784849302,5.7894736842105265,0.1855346039910405
0.3684210526315789,0.006688152489317449,0.739827784849302,6.052631578947368,0.19538763992363586
0.3684210526315789,0.006688152489317449,0.739827784849302,6.315789473684211,0.2049613712934638
0.3684210526315789,0.006688152489317449,0.739827784849302,6.578947368421053,0.21426129916748315
0.3684210526315789,0.006688152489317449,0.739827784849302,6.842105263157895,0.223294108745685
0.3684210526315789,0.006688152489317449,0.739827784849302,7.105263157894736,0.23206728259054413
0.3684210526315789,0.006688152489317449,0.739827784849302,7.368421052631579,0.24058880864376264
0.3684210526315789,0.006688152489317449,0.739827784849302,7.631578947368421,0.24886696046214085
0.3684210526315789,0.006688152489317449,0.739827784849302,7.894736842105263,0.2569101325804206
0.3684210526315789,0.006688152489317449,0.739827784849302,8.157894736842106,0.2647267180193349
0.3684210526315789,0.006688152489317449,0.739827784849302,8.421052631578947,0.27232501805010056
0.3684210526315789,0.006688152489317449,0.739827784849302,8.68421052631579,0.2797131766609199
0.3684210526315789,0.006688152489317449,0.739827784849302,8.947368421052632,0.28689913393845123
0.3684210526315789,0.006688152489317449,0.739827784849302,9.210526315789473,0.29389059391979333
0.3684210526315789,0.006688152489317449,0.739827784849302,9.473684210526315,0.3006950034938253
0.3684210526315789,0.006688152489317449,0.739827784849302,9.736842105263158,0.30731953971324066
0.3684210526315789,0.006688152489317449,0.739827784849302,10.0,0.31377110347887016
0.42105263157894735,0.006688152489317449,0.739827784849302,5.0,0.10350191398459486
0.42105263157894735,0.006688152489317449,0.739827784849302,5.2631578947368425,0.11253898210398594
0.42105263157894735,0.006688152489317449,0.739827784849302,5.526315789473684,0.12146829889592814
0.42105263157894735,0.006688152489317449,0.739827784849302,5.7894736842105265,0.13027095583057868
0.42105263157894735,0.006688152489317449,0.739827784849302,6.052631578947368,0.13893284827379782
0.42105263157894735,0.006688152489317449,0.739827784849302,6.315789473684211,0.14744372754898505
0.42105263157894735,0.006688152489317449,0.739827784849302,6.578947368421053,0.15579643334763937
0.42105263157894735,0.006688152489317449,0.739827784849302,6.842105263157895,0.16398627320883052
0.42105263157894735,0.006688152489317449,0.739827784849302,7.105263157894736,0.17201052128367714
0.42105263157894735,0.006688152489317449,0.739827784849302,7.368421052631579,0.17986801355122162
0.42105263157894735,0.006688152489317449,0.739827784849302,7.631578947368421,0.1875588209023089
0.42105263157894735,0.006688152489317449,0.739827784849302,7.894736842105263,0.19508398505695068
0.42105263157894735,0.006688152489317449,0.739827784849302,8.157894736842106,0.20244530519379555
0.42105263157894735,0.006688152489317449,0.739827784849302,8.421052631578947,0.2096451655362771
0.42105263157894735,0.006688152489317449,0.739827784849302,8.68421052631579,0.21668639604887385
0.42105263157894735,0.006688152489317449,0.739827784849302,8.947368421052632,0.22357215993095794
0.42105263157894735,0.006688152489317449,0.739827784849302,9.210526315789473,0.23030586282591684
0.42105263157894735,0.006688152489317449,0.739827784849302,9.473684210526315,0.23689107964892675
0.42105263157894735,0.006688152489317449,0.739827784849302,9.736842105263158,0.2433314957265953
0.42105263157894735,0.006688152489317449,0.739827784849302,10.0,0.24963085957499265
0.47368421052631576,0.006688152489317449,0.739827784849302,5.0,0.06700777315504847
0.47368421052631576,0.006688152489317449,0.739827784849302,5.2631578947368425,0.07422171734252758
0.47368421052631576,0.006688152489317449,0.739827784849302,5.526315789473684,0.0814699672743473
0.47368421052631576,0.006688152489317449,0.739827784849302,5.7894736842105265,0.08872471428707263
0.47368421052631576,0.006688152489317449,0.739827784849302,6.052631578947368,0.09596288468733982
0.47368421052631576,0.006688152489317449,0.739827784849302,6.315789473684211,0.10316544159864183
0.47368421052631576,0.006688152489317449,0.739827784849302,6.578947368421053,0.1103167748804883
0.47368421052631576,0.006688152489317449,0.739827784849302,6.842105263157895,0.11740417407337665
0.47368421052631576,0.006688152489317449,0.739827784849302,7.105263157894736,0.12441737660857523
0.47368421052631576,0.006688152489317449,0.739827784849302,7.368421052631579,0.1313481825990972
0.47368421052631576,0.006688152489317449,0.739827784849302,7.631578947368421,0.1381901275937769
0.47368421052631576,0.006688152489317449,0.739827784849302,7.894736842105263,0.14493820525033485
0.47368421052631576,0.006688152489317449,0.739827784849302,8.157894736842106,0.1515886326846514
0.47368421052631576,0.006688152489317449,0.739827784849302,8.421052631578947,0.15813865212200318
0.47368421052631576,0.006688152489317449,0.739827784849302,8.68421052631579,0.16458636332440946
0.47368421052631576,0.006688152489317449,0.739827784849302,8.947368421052632,0.17093058205248846
0.47368421052631576,0.006688152489317449,0.739827784849302,9.210526315789473,0.17717072052161742
0.47368421052631576,0.006688152489317449,0.739827784849302,9.473684210526315,0.18330668642629674
0.47368421052631576,0.006688152489317449,0.739827784849302,9.736842105263158,0.18933879763669895
0.47368421052631576,0.006688152489317449,0.739827784849302,10.0,0.19526771012454125
0.5263157894736842,0.006688152489317449,0.739827784849302,5.0,0.041837247519123544
0.5263157894736842,0.006688152489317449,0.739827784849302,5.2631578947368425,0.04729993003166
0.5263157894736842,0.006688152489317449,0.739827784849302,5.526315789473684,0.052892209983944616
0.5263157894736842,0.006688152489317449,0.739827784849302,5.7894736842105265,0.05858526542615961
0.5263157894736842,0.006688152489317449,0.739827784849302,6.052631578947368,0.0643537898936074
0.5263157894736842,0.006688152489317449,0.739827784849302,6.315789473684211,0.07017568410713992
0.5263157894736842,0.006688152489317449,0.739827784849302,6.578947368421053,0.07603173794391471
0.5263157894736842,0.006688152489317449,0.739827784849302,6.842105263157895,0.08190532018841801
0.5263157894736842,0.006688152489317449,0.739827784849302,7.105263157894736,0.08778208608047867
0.5263157894736842,0.006688152489317449,0.739827784849302,7.368421052631579,0.09364970780446004
0.5263157894736842,0.006688152489317449,0.739827784849302,7.631578947368421,0.09949762996264377
0.5263157894736842,0.006688152489317449,0.739827784849302,7.894736842105263,0.10531685015882875
0.5263157894736842,0.006688152489317449,0.739827784849302,8.157894736842106,0.11109972368401466
0.5263157894736842,0.006688152489317449,0.739827784849302,8.421052631578947,0.11683979067274364
0.5263157894736842,0.006688152489317449,0.739827784849302,8.68421052631579,0.12253162380329509
0.5263157894736842,0.006688152489317449,0.739827784849302,8.947368421052632,0.1281706945253338
0.5263157894736842,0.006688152489317449,0.739827784849302,9.210526315789473,0.13375325583388264
0.5263157894736842,0.006688152489317449,0.739827784849302,9.473684210526315,0.1392762397155911
0.5263157894736842,0.006688152489317449,0.739827784849302,9.736842105263158,0.14473716753784716
0.5263157894736842,0.006688152489317449,0.739827784849302,10.0,0.1501340718115155
0.5789473684210527,0.006688152489317449,0.739827784849302,5.0,0.02517876482578441
0.5789473684210527,0.006688152489317449,0.739827784849302,5.2631578947368425,0.02911210716187429
0.5789473684210527,0.006688152489317449,0.739827784849302,5.526315789473684,0.03322284051403146
0.5789473684210527,0.006688152489317449,0.739827784849302,5.7894736842105265,0.037486832848077856
0.5789473684210527,0.006688152489317449,0.739827784849302,6.052631578947368,0.04188177652666081
0.5789473684210527,0.006688152489317449,0.739827784849302,6.315789473684211,0.04638724116376958
0.5789473684210527,0.006688152489317449,0.739827784849302,6.578947368421053,0.050984651959134264
0.5789473684210527,0.006688152489317449,0.739827784849302,6.842105263157895,0.0556572199120251
0.5789473684210527,0.006688152489317449,0.739827784849302,7.105263157894736,0.06038984276622905
0.5789473684210527,0.006688152489317449,0.739827784849302,7.368421052631579,0.06516898992095022
0.5789473684210527,0.006688152489317449,0.739827784849302,7.631578947368421,0.06998258042514327
0.5789473684210527,0.006688152489317449,0.739827784849302,7.894736842105263,0.07481986019213394
0.5789473684210527,0.006688152489317449,0.739827784849302,8.157894736842106,0.07967128243754751
0.5789473684210527,0.006688152489317449,0.739827784849302,8.421052631578947,0.0845283938328859
0.5789473684210527,0.006688152489317449,0.739827784849302,8.68421052631579,0.08938372781058124
0.5789473684210527,0.006688152489317449,0.739827784849302,8.947368421052632,0.09423070572818315
0.5789473684210527,0.006688152489317449,0.739827784849302,9.210526315789473,0.09906354610680668
0.5789473684210527,0.006688152489317449,0.739827784849302,9.473684210526315,0.10387718183427741
0.5789473684210527,0.006688152489317449,0.739827784849302,9.736842105263158,0.10866718501732286
0.5789473684210527,0.006688152489317449,0.739827784849302,10.0,0.1134296990440571
0.631578947368421,0.006688152489317449,0.739827784849302,5.0,0.014599572564026553
0.631578947368421,0.006688152489317449,0.739827784849302,5.2631578947368425,0.017297347385509365
0.631578947368421,0.006688152489317449,0.739827784849302,5.526315789473684,0.0201813061323054
0.631578947368421,0.006688152489317449,0.739827784849302,5.7894736842105265,0.02323481553993134
0.631578947368421,0.006688152489317449,0.739827784849302,6.052631578947368,0.026441512816152035
0.631578947368421,0.006688152489317449,0.739827784849302,6.315789473684211,0.02978558405531495
0.631578947368421,0.006688152489317449,0.739827784849302,6.578947368421053,0.03325195001094272
0.631578947368421,0.006688152489317449,0.739827784849302,6.842105263157895,0.03682638136310257
0.631578947368421,0.006688152489317449,0.739827784849302,7.105263157894736,0.04049556132065313
0.631578947368421,0.006688152489317449,0.739827784849302,7.368421052631579,0.04424710963245538
0.631578947368421,0.006688152489317449,0.739827784849302,7.631578947368421,0.04806957892923691
0.631578947368421,0.006688152489317449,0.739827784849302,7.894736842105263,0.05195243175672637
0.631578947368421,0.006688152489317449,0.739827784849302,8.157894736842106,0.05588600462271088
0.631578947368421,0.006688152489317449,0.739827784849302,8.421052631578947,0.05986146378345336
0.631578947368421,0.006688152489317449,0.739827784849302,8.68421052631579,0.06387075625774419
0.631578947368421,0.006688152489317449,0.739827784849302,8.947368421052632,0.06790655860773098
0.631578947368421,0.006688152489317449,0.739827784849302,9.210526315789473,0.07196222530358232
0.631578947368421,0.006688152489317449,0.739827784849302,9.473684210526315,0.07603173794391471
0.631578947368421,0.006688152489317449,0.739827784849302,9.736842105263158,0.08010965619558452
0.631578947368421,0.006688152489317449,0.739827784849302,10.0,0.08419107101311085
0.6842105263157894,0.006688152489317449,0.739827784849302,5.0,0.008152784784855482
0.6842105263157894,0.006688152489317449,0.739827784849302,5.2631578947368425,0.009917687702225786
0.6842105263157894,0.006688152489317449,0.739827784849302,5.526315789473684,0.011851347902919638
0.6842105263157894,0.006688152489317449,0.739827784849302,5.7894736842105265,0.013944858867662278
0.6842105263157894,0.006688152489317449,0.739827784849302,6.052631578947368,0.016188530880175356
0.6842105263157894,0.006688152489317449,0.739827784849302,6.315789473684211,0.018572234849893232
0.6842105263157894,0.006688152489317449,0.739827784849302,6.578947368421053,0.021085672833077718
0.6842105263157894,0.006688152489317449,0.739827784849302,6.842105263157895,0.023718586121346363
0.6842105263157894,0.006688152489317449,0.739827784849302,7.105263157894736,0.026460911453550784
0.6842105263157894,0.006688152489317449,0.739827784849302,7.368421052631579,0.029302894944647884
0.6842105263157894,0.006688152489317449,0.739827784849302,7.631578947368421,0.03223517209756077
0.6842105263157894,0.006688152489317449,0.739827784849302,7.894736842105263,0.035248820991462426
0.6842105263157894,0.006688152489317449,0.739827784849302,8.157894736842106,0.03833539454005985
0.6842105263157894,0.006688152489317449,0.739827784849302,8.421052631578947,0.041486936641501826
0.6842105263157894,0.006688152489317449,0.739827784849302,8.68421052631579,0.044695986116182314
0.6842105263157894,0.006688152489317449,0.739827784849302,8.947368421052632,0.04795557154853758
0.6842105263157894,0.006688152489317449,0.739827784849302,9.210526315789473,0.051259199502236896
0.6842105263157894,0.006688152489317449,0.739827784849302,9.473684210526315,0.05460083804895765
0.6842105263157894,0.006688152489317449,0.739827784849302,9.736842105263158,0.0579748971221703
0.6842105263157894,0.006688152489317449,0.739827784849302,10.0,0.061376206862801874
0.7368421052631579,0.006688152489317449,0.739827784849302,5.0,0.004383075064785968
0.7368421052631579,0.006688152489317449,0.739827784849302,5.2631578947368425,0.005485532798858551
0.7368421052631579,0.006688152489317449,0.739827784849302,5.526315789473684,0.006725889028380561
0.7368421052631579,0.006688152489317449,0.739827784849302,5.7894736842105265,0.00810150530787257
0.7368421052631579,0.006688152489317449,0.739827784849302,6.052631578947368,0.009608493481665148
0.7368421052631579,0.006688152489317449,0.739827784849302,6.315789473684211,0.011242003368215459
0.7368421052631579,0.006688152489317449,0.739827784849302,6.578947368421053,0.012996473436556522
0.7368421052631579,0.006688152489317449,0.739827784849302,6.842105263157895,0.014865844135798167
0.7368421052631579,0.006688152489317449,0.739827784849302,7.105263157894736,0.01684373589298438
0.7368421052631579,0.006688152489317449,0.739827784849302,7.368421052631579,0.018923595044718855
0.7368421052631579,0.006688152489317449,0.739827784849302,7.631578947368421,0.0210988114977112
0.7368421052631579,0.006688152489317449,0.739827784849302,7.894736842105263,0.023362811994749655
0.7368421052631579,0.006688152489317449,0.739827784849302,8.157894736842106,0.025709132681541957
0.7368421052631579,0.006688152489317449,0.739827784849302,8.421052631578947,0.028131474349521787
0.7368421052631579,0.006688152489317449,0.739827784849302,8.68421052631579,0.030623743348908494
0.7368421052631579,0.006688152489317449,0.739827784849302,8.947368421052632,0.033180080773524745
0.7368421052631579,0.006688152489317449,0.739827784849302,9.210526315789473,0.03579488214229676
0.7368421052631579,0.006688152489317449,0.739827784849302,9.473684210526315,0.03846280945698122
0.7368421052631579,0.006688152489317449,0.739827784849302,9.736842105263158,0.04117879720807871
0.7368421052631579,0.006688152489317449,0.739827784849302,10.0,0.04393805363262804
0.7894736842105263,0.006688152489317449,0.739827784849302,5.0,0.002267901639615766
0.7894736842105263,0.006688152489317449,0.739827784849302,5.2631578947368425,0.002926000739905454
0.7894736842105263,0.006688152489317449,0.739827784849302,5.526315789473684,0.003687814744434248
0.7894736842105263,0.006688152489317449,0.739827784849302,5.7894736842105265,0.004554827853529342
0.7894736842105263,0.006688152489317449,0.739827784849302,6.052631578947368,0.005527281437878284
0.7894736842105263,0.006688152489317449,0.739827784849302,6.315789473684211,0.006604348631626844
0.7894736842105263,0.006688152489317449,0.739827784849302,6.578947368421053,0.0077843058419071465
0.7894736842105263,0.006688152489317449,0.739827784849302,6.842105263157895,0.009064694129184536
0.7894736842105263,0.006688152489317449,0.739827784849302,7.105263157894736,0.010442466431398234
0.7894736842105263,0.006688152489317449,0.739827784849302,7.368421052631579,0.011914118741729986
0.7894736842105263,0.006688152489317449,0.739827784849302,7.631578947368421,0.013475804797759892
0.7894736842105263,0.006688152489317449,0.739827784849302,7.894736842105263,0.015123434772185917
0.7894736842105263,0.006688152489317449,0.739827784849302,8.157894736842106,0.01685275901522698
0.7894736842105263,0.006688152489317449,0.739827784849302,8.421052631578947,0.01865943819812277
0.7894736842105263,0.006688152489317449,0.739827784849302,8.68421052631579,0.02053910132990233
0.7894736842105263,0.006688152489317449,0.739827784849302,8.947368421052632,0.022487393127321287
0.7894736842105263,0.006688152489317449,0.739827784849302,9.210526315789473,0.024500012154332507
0.7894736842105263,0.006688152489317449,0.739827784849302,9.473684210526315,0.026572741043144
0.7894736842105263,0.006688152489317449,0.739827784849302,9.736842105263158,0.02870146998444001
0.7894736842105263,0.006688152489317449,0.739827784849302,10.0,0.030882214543315415
0.8421052631578947,0.006688152489317449,0.739827784849302,5.0,0.0011290754518389345
0.8421052631578947,0.006688152489317449,0.739827784849302,5.2631578947368425,0.001504742008871185
0.8421052631578947,0.006688152489317449,0.739827784849302,5.526315789473684,0.001953053814654271
0.8421052631578947,0.006688152489317449,0.739827784849302,5.7894736842105265,0.0024775614551804104
0.8421052631578947,0.006688152489317449,0.739827784849302,6.052631578947368,0.003080852996385497
0.8421052631578947,0.006688152489317449,0.739827784849302,6.315789473684211,0.0037646159411994784
0.8421052631578947,0.006688152489317449,0.739827784849302,6.578947368421053,0.004529716853527321
0.8421052631578947,0.006688152489317449,0.739827784849302,6.842105263157895,0.005376290223523927
0.8421052631578947,0.006688152489317449,0.739827784849302,7.105263157894736,0.006303830330443349
0.8421052631578947,0.006688152489317449,0.739827784849302,7.368421052631579,0.007311281689513449
0.8421052631578947,0.006688152489317449,0.739827784849302,7.631578947368421,0.00839712513049573
0.8421052631578947,0.006688152489317449,0.739827784849302,7.894736842105263,0.009559457677886352
0.8421052631578947,0.006688152489317449,0.739827784849302,8.157894736842106,0.01079606523598553
0.8421052631578947,0.006688152489317449,0.739827784849302,8.421052631578947,0.012104487680581921
0.8421052631578947,0.006688152489317449,0.739827784849302,8.68421052631579,0.013482076373542706
0.8421052631578947,0.006688152489317449,0.739827784849302,8.947368421052632,0.0149260443910616
0.8421052631578947,0.006688152489317449,0.739827784849302,9.210526315789473,0.0164335099267634
0.8421052631578947,0.006688152489317449,0.739827784849302,9.473684210526315,0.018001533425951233
0.8421052631578947,0.006688152489317449,0.739827784849302,9.736842105263158,0.019627149049160075
0.8421052631578947,0.006688152489317449,0.739827784849302,10.0,0.021307391068601026
0.894736842105263,0.006688152489317449,0.739827784849302,5.0,0.0005407167962092618
0.894736842105263,0.006688152489317449,0.739827784849302,5.2631578947368425,0.0007458979809693567
0.894736842105263,0.006688152489317449,0.739827784849302,5.526315789473684,0.0009988165321194176
0.894736842105263,0.006688152489317449,0.739827784849302,5.7894736842105265,0.001303546623118712
0.894736842105263,0.006688152489317449,0.739827784849302,6.052631578947368,0.0016635641746540755
0.894736842105263,0.006688152489317449,0.739827784849302,6.315789473684211,0.0020817296549419106
0.894736842105263,0.006688152489317449,0.739827784849302,6.578947368421053,0.00256029467069141
0.894736842105263,0.006688152489317449,0.739827784849302,6.842105263157895,0.00310092615877211
0.894736842105263,0.006688152489317449,0.739827784849302,7.105263157894736,0.0037047428144935113
0.894736842105263,0.006688152489317449,0.739827784849302,7.368421052631579,0.004372359329396391
0.894736842105263,0.006688152489317449,0.739827784849302,7.631578947368421,0.005103934927842002
0.894736842105263,0.006688152489317449,0.739827784849302,7.894736842105263,0.005899223517688235
0.894736842105263,0.006688152489317449,0.739827784849302,8.157894736842106,0.006757623476259966
0.894736842105263,0.006688152489317449,0.739827784849302,8.421052631578947,0.007678225673065641
0.894736842105263,0.006688152489317449,0.739827784849302,8.68421052631579,0.008659858793031217
0.894736842105263,0.006688152489317449,0.739827784849302,8.947368421052632,0.009701131382526929
0.894736842105263,0.006688152489317449,0.739827784849302,9.210526315789473,0.010800470311395749
0.894736842105263,0.006688152489317449,0.739827784849302,9.473684210526315,0.011956155543561997
0.894736842105263,0.006688152489317449,0.739827784849302,9.736842105263158,0.013166351251110542
0.894736842105263,0.006688152489317449,0.739827784849302,10.0,0.014429133404529447
0.9473684210526315,0.006688152489317449,0.739827784849302,5.0,0.0002490413155572524
0.9473684210526315,0.006688152489317449,0.739827784849302,5.2631578947368425,0.00035631626660126425
0.9473684210526315,0.006688152489317449,0.739827784849302,5.526315789473684,0.0004931682656044156
0.9473684210526315,0.006688152489317449,0.739827784849302,5.7894736842105265,0.0006632727728705934
0.9473684210526315,0.006688152489317449,0.739827784849302,6.052631578947368,0.0008700282064670882
0.9473684210526315,0.006688152489317449,0.739827784849302,6.315789473684211,0.0011165008382880703
0.9473684210526315,0.006688152489317449,0.739827784849302,6.578947368421053,0.0014053894617526153
0.9473684210526315,0.006688152489317449,0.739827784849302,6.842105263157895,0.001739007050884478
0.9473684210526315,0.006688152489317449,0.739827784849302,7.105263157894736,0.0021192763779015467
0.9473684210526315,0.006688152489317449,0.739827784849302,7.368421052631579,0.0025477366259613055
0.9473684210526315,0.006688152489317449,0.739827784849302,7.631578947368421,0.003025558291377961
0.9473684210526315,0.006688152489317449,0.739827784849302,7.894736842105263,0.003553564020063571
0.9473684210526315,0.006688152489317449,0.739827784849302,8.157894736842106,0.0041322534026471125
0.9473684210526315,0.006688152489317449,0.739827784849302,8.421052631578947,0.004761830122405164
0.9473684210526315,0.006688152489317449,0.739827784849302,8.68421052631579,0.005442230187754803
0.9473684210526315,0.006688152489317449,0.739827784849302,8.947368421052632,0.006173150276227113
0.9473684210526315,0.006688152489317449,0.739827784849302,9.210526315789473,0.006954075466617304
0.9473684210526315,0.006688152489317449,0.739827784849302,9.473684210526315,0.0077843058419071465
0.9473684210526315,0.006688152489317449,0.739827784849302,9.736842105263158,0.008662981611491816
0.9473684210526315,0.006688152489317449,0.739827784849302,10.0,0.00958910653224554
1.0,0.006688152489317449,0.739827784849302,5.0,0.00011029208041990478
1.0,0.006688152489317449,0.739827784849302,5.2631578947368425,0.0001640021628660504
1.0,0.006688152489317449,0.739827784849302,5.526315789473684,0.00023505166221260423
1.0,0.006688152489317449,0.739827784849302,5.7894736842105265,0.0003263203043075702
1.0,0.006688152489317449,0.739827784849302,6.052631578947368,0.0004406329924713237
1.0,0.006688152489317449,0.739827784849302,6.315789473684211,0.0005806993505713676
1.0,0.006688152489317449,0.739827784849302,6.578947368421053,0.0007490649317630771
1.0,0.006688152489317449,0.739827784849302,6.842105263157895,0.000948074084534678
1.0,0.006688152489317449,0.739827784849302,7.105263157894736,0.0011798437349941349
1.0,0.006688152489317449,0.739827784849302,7.368421052631579,0.00144624691001638
1.0,0.006688152489317449,0.739827784849302,7.631578947368421,0.0017489046173434497
1.0,0.006688152489317449,0.739827784849302,7.894736842105263,0.0020891846496068345
1.0,0.006688152489317449,0.739827784849302,8.157894736842106,0.0024682059347307383
1.0,0.006688152489317449,0.739827784849302,8.421052631578947,0.0028868471731500196
1.0,0.006688152489317449,0.739827784849302,8.68421052631579,0.003345758652151254
1.0,0.006688152489317449,0.739827784849302,8.947368421052632,0.003845376288349689
1.0,0.006688152489317449,0.739827784849302,9.210526315789473,0.004385937107213134
1.0,0.006688152489317449,0.739827784849302,9.473684210526315,0.004967495515416309
1.0,0.006688152489317449,0.739827784849302,9.736842105263158,0.005589939853334446
1.0,0.006688152489317449,0.739827784849302,10.0,0.00625300882942148
0.0,0.002676624649372375,0.5807810527203581,5.0,1.0
0.0,0.002676624649372375,0.5807810527203581,5.2631578947368425,1.0
0.0,0.002676624649372375,0.5807810527203581,5.526315789473684,1.0
0.0,0.002676624649372375,0.5807810527203581,5.7894736842105265,1.0
0.0,0.002676624649372375,0.5807810527203581,6.052631578947368,1.0
0.0,0.002676624649372375,0.5807810527203581,6.315789473684211,1.0
0.0,0.002676624649372375,0.5807810527203581,6.578947368421053,1.0
0.0,0.002676624649372375,0.5807810527203581,6.842105263157895,1.0
0.0,0.002676624649372375,0.5807810527203581,7.105263157894736,1.0
0.0,0.002676624649372375,0.5807810527203581,7.368421052631579,1.0
0.0,0.002676624649372375,0.5807810527203581,7.631578947368421,1.0
0.0,0.002676624649372375,0.5807810527203581,7.894736842105263,1.0
0.0,0.002676624649372375,0.5807810527203581,8.157894736842106,1.0
0.0,0.002676624649372375,0.5807810527203581,8.421052631578947,1.0
0.0,0.002676624649372375,0.5807810527203581,8.68421052631579,1.0
0.0,0.002676624649372375,0.5807810527203581,8.947368421052632,1.0
0.0,0.002676624649372375,0.5807810527203581,9.210526315789473,1.0
0.0,0.002676624649372375,0.5807810527203581,9.473684210526315,1.0
0.0,0.002676624649372375,0.5807810527203581,9.736842105263158,1.0
0.0,0.002676624649372375,0.5807810527203581,10.0,1.0
0.05263157894736842,0.002676624649372375,0.5807810527203581,5.0,0.7476790790026715
0.05263157894736842,0.002676624649372375,0.5807810527203581,5.2631578947368425,0.7538586388669246
0.05263157894736842,0.002676624649372375,0.5807810527203581,5.526315789473684,0.7596055099642547
0.05263157894736842,0.002676624649372375,0.5807810527203581,5.7894736842105265,0.7649679198599085
0.05263157894736842,0.002676624649372375,0.5807810527203581,6.052631578947368,0.7699868938076465
0.05263157894736842,0.002676624649372375,0.5807810527203581,6.315789473684211,0.7746975806898201
0.05263157894736842,0.002676624649372375,0.5807810527203581,6.578947368421053,0.7791302924114364
0.05263157894736842,0.002676624649372375,0.5807810527203581,6.842105263157895,0.7833113271467849
0.05263157894736842,0.002676624649372375,0.5807810527203581,7.105263157894736,0.7872636276125344
0.05263157894736842,0.002676624649372375,0.5807810527203581,7.368421052631579,0.7910073120560236
0.05263157894736842,0.002676624649372375,0.5807810527203581,7.631578947368421,0.7945601060520917
0.05263157894736842,0.002676624649372375,0.5807810527203581,7.894736842105263,0.7979376962836324
0.05263157894736842,0.002676624649372375,0.5807810527203581,8.157894736842106,0.801154022431942
0.05263157894736842,0.002676624649372375,0.5807810527203581,8.421052631578947,0.8042215195760097
0.05263157894736842,0.002676624649372375,0.5807810527203581,8.68421052631579,0.8071513207198103
0.05263157894736842,0.002676624649372375,0.5807810527203581,8.947368421052632,0.8099534269724193
0.05263157894736842,0.002676624649372375,0.5807810527203581,9.210526315789473,0.8126368513136248
0.05263157894736842,0.002676624649372375,0.5807810527203581,9.473684210526315,0.8152097406568314
0.05263157894736842,0.002676624649372375,0.5807810527203581,9.736842105263158,0.8176794799772787
0.05263157894736842,0.002676624649372375,0.5807810527203581,10.0,0.8200527815384675
0.10526315789473684,0.002676624649372375,0.5807810527203581,5.0,0.5199630442327452
0.10526315789473684,0.002676624649372375,0.5807810527203581,5.2631578947368425,0.53058643726004
0.10526315789473684,0.002676624649372375,0.5807810527203581,5.526315789473684,0.5405392594575874
0.10526315789473684,0.002676624649372375,0.5807810527203581,5.7894736842105265,0.5498886861141492
0.10526315789473684,0.002676624649372375,0.5807810527203581,6.052631578947368,0.5586929105953485
0.10526315789473684,0.002676624649372375,0.5807810527203581,6.315789473684211,0.5670026177882739
0.10526315789473684,0.002676624649372375,0.5807810527203581,6.578947368421053,0.5748621754829729
0.10526315789473684,0.002676624649372375,0.5807810527203581,6.842105263157895,0.5823106046247295
0.10526315789473684,0.002676624649372375,0.5807810527203581,7.105263157894736,0.5893823748738294
0.10526315789473684,0.002676624649372375,0.5807810527203581,7.368421052631579,0.5961080611390206
0.10526315789473684,0.002676624649372375,0.5807810527203581,7.631578947368421,0.6025148886885916
0.10526315789473684,0.002676624649372375,0.5807810527203581,7.894736842105263,0.6086271883619522
0.10526315789473684,0.002676624649372375,0.5807810527203581,8.157894736842106,0.6144667787832884
0.10526315789473684,0.002676624649372375,0.5807810527203581,8.421052631578947,0.6200532889409729
0.10526315789473684,0.002676624649372375,0.5807810527203581,8.68421052631579,0.6254044317685075
0.10526315789473684,0.002676624649372375,0.5807810527203581,8.947368421052632,0.6305362372448722
0.10526315789473684,0.002676624649372375,0.5807810527203581,9.210526315789473,0.635463251876882
0.10526315789473684,0.002676624649372375,0.5807810527203581,9.473684210526315,0.6401987101241831
0.10526315789473684,0.002676624649372375,0.5807810527203581,9.736842105263158,0.6447546822971553
0.10526315789473684,0.002676624649372375,0.5807810527203581,10.0,0.6491422026377781
0.15789473684210525,0.002676624649372375,0.5807810527203581,5.0,0.33449294448043665
0.15789473684210525,0.002676624649372375,0.5807810527203581,5.2631578947368425,0.34687574479187255
0.15789473684210525,0.002676624649372375,0.5807810527203581,5.526315789473684,0.35862064851382713
0.15789473684210525,0.002676624649372375,0.5807810527203581,5.7894736842105265,0.36977740126521164
0.15789473684210525,0.002676624649372375,0.5807810527203581,6.052631578947368,0.3803909849671122
0.15789473684210525,0.002676624649372375,0.5807810527203581,6.315789473684211,0.3905020853473268
0.15789473684210525,0.002676624649372375,0.5807810527203581,6.578947368421053,0.40014753206644205
0.15789473684210525,0.002676624649372375,0.5807810527203581,6.842105263157895,0.4093607031926776
0.15789473684210525,0.002676624649372375,0.5807810527203581,7.105263157894736,0.41817189138748545
0.15789473684210525,0.002676624649372375,0.5807810527203581,7.368421052631579,0.4266086322924594
0.15789473684210525,0.002676624649372375,0.5807810527203581,7.631578947368421,0.43469599725292374
0.15789473684210525,0.002676624649372375,0.5807810527203581,7.894736842105263,0.4424568532859505
0.15789473684210525,0.002676624649372375,0.5807810527203581,8.157894736842106,0.4499120934676817
0.15789473684210525,0.002676624649372375,0.5807810527203581,8.421052631578947,0.45708084089748147
0.15789473684210525,0.002676624649372375,0.5807810527203581,8.68421052631579,0.4639806292270942
0.15789473684210525,0.002676624649372375,0.5807810527203581,8.947368421052632,0.47062756250040205
0.15789473684210525,0.002676624649372375,0.5807810527203581,9.210526315789473,0.47703645677980083
0.15789473684210525,0.002676624649372375,0.5807810527203581,9.473684210526315,0.4832209657649036
0.15789473684210525,0.002676624649372375,0.5807810527203581,9.736842105263158,0.489193692352542
0.15789473684210525,0.002676624649372375,0.5807810527203581,10.0,0.4949662878508601
0.21052631578947367,0.002676624649372375,0.5807810527203581,5.0,0.19816235250697556
0.21052631578947367,0.002676624649372375,0.5807810527203581,5.2631578947368425,0.20976128140294614
0.21052631578947367,0.002676624649372375,0.5807810527203581,5.526315789473684,0.22095394021323422
0.21052631578947367,0.002676624649372375,0.5807810527203581,5.7894736842105265,0.23175358888114675
0.21052631578947367,0.002676624649372375,0.5807810527203581,6.052631578947368,0.24217479726805213
0.21052631578947367,0.002676624649372375,0.5807810527203581,6.315789473684211,0.25223280578845464
0.21052631578947367,0.002676624649372375,0.5807810527203581,6.578947368421053,0.261943076496279
0.21052631578947367,0.002676624649372375,0.5807810527203581,6.842105263157895,0.271320981205459
0.21052631578947367,0.002676624649372375,0.5807810527203581,7.105263157894736,0.28038158836363414
0.21052631578947367,0.002676624649372375,0.5807810527203581,7.368421052631579,0.28913952112716756
0.21052631578947367,0.002676624649372375,0.5807810527203581,7.631578947368421,0.2976088667285506
0.21052631578947367,0.002676624649372375,0.5807810527203581,7.894736842105263,0.3058031226987069
0.21052631578947367,0.002676624649372375,0.5807810527203581,8.157894736842106,0.31373516944305035
0.21052631578947367,0.002676624649372375,0.5807810527203581,8.421052631578947,0.32141726151555305
0.21052631578947367,0.002676624649372375,0.5807810527203581,8.68421052631579,0.3288610320010964
0.21052631578947367,0.002676624649372375,0.5807810527203581,8.947368421052632,0.336077505922613
0.21052631578947367,0.002676624649372375,0.5807810527203581,9.210526315789473,0.34307711969170307
0.21052631578947367,0.002676624649372375,0.5807810527203581,9.473684210526315,0.3498697444304598
0.21052631578947367,0.002676624649372375,0.5807810527203581,9.736842105263158,0.35646471158767534
0.21052631578947367,0.002676624649372375,0.5807810527203581,10.0,0.36287083971170364
0.2631578947368421,0.002676624649372375,0.5807810527203581,5.0,0.10772441810570556
0.2631578947368421,0.002676624649372375,0.5807810527203581,5.2631578947368425,0.11693303213833461
0.2631578947368421,0.002676624649372375,0.5807810527203581,5.526315789473684,0.12601813365609105
0.2631578947368421,0.002676624649372375,0.5807810527203581,5.7894736842105265,0.13496211977297878
0.2631578947368421,0.002676624649372375,0.5807810527203581,6.052631578947368,0.14375211697892176
0.2631578947368421,0.002676624649372375,0.5807810527203581,6.315789473684211,0.15237902311559792
0.2631578947368421,0.002676624649372375,0.5807810527203581,6.578947368421053,0.16083673642222895
0.2631578947368421,0.002676624649372375,0.5807810527203581,6.842105263157895,0.1691215358648276
0.2631578947368421,0.002676624649372375,0.5807810527203581,7.105263157894736,0.17723158329487965
0.2631578947368421,0.002676624649372375,0.5807810527203581,7.368421052631579,0.18516652349912
0.2631578947368421,0.002676624649372375,0.5807810527203581,7.631578947368421,0.1929271628337994
0.2631578947368421,0.002676624649372375,0.5807810527203581,7.894736842105263,0.20051521094269553
0.2631578947368421,0.002676624649372375,0.5807810527203581,8.157894736842106,0.20793307314387321
0.2631578947368421,0.002676624649372375,0.5807810527203581,8.421052631578947,0.21518368355158424
0.2631578947368421,0.002676624649372375,0.5807810527203581,8.68421052631579,0.22227037098525348
0.2631578947368421,0.002676624649372375,0.5807810527203581,8.947368421052632,0.22919675130197467
0.2631578947368421,0.002676624649372375,0.5807810527203581,9.210526315789473,0.23596664105180176
0.2631578947368421,0.002676624649372375,0.5807810527203581,9.473684210526315,0.24258398836149264
0.2631578947368421,0.002676624649372375,0.5807810527203581,9.736842105263158,0.2490528177547967
0.2631578947368421,0.002676624649372375,0.5807810527203581,10.0,0.2553771862579105
0.3157894736842105,0.002676624649372375,0.5807810527203581,5.0,0.053581179935126455
0.3157894736842105,0.002676624649372375,0.5807810527203581,5.2631578947368425,0.05992660988138809
0.3157894736842105,0.002676624649372375,0.5807810527203581,5.526315789473684,0.0663586638475383
0.3157894736842105,0.002676624649372375,0.5807810527203581,5.7894736842105265,0.07284816149728912
0.3157894736842105,0.002676624649372375,0.5807810527203581,6.052631578947368,0.07937016986532741
0.3157894736842105,0.002676624649372375,0.5807810527203581,6.315789473684211,0.0859034878660575
0.3157894736842105,0.002676624649372375,0.5807810527203581,6.578947368421053,0.09243016930139558
0.3157894736842105,0.002676624649372375,0.5807810527203581,6.842105263157895,0.09893509165508041
0.3157894736842105,0.002676624649372375,0.5807810527203581,7.105263157894736,0.10540557234844572
0.3157894736842105,0.002676624649372375,0.5807810527203581,7.368421052631579,0.11183103092850076
0.3157894736842105,0.002676624649372375,0.5807810527203581,7.631578947368421,0.11820269396217331
0.3157894736842105,0.002676624649372375,0.5807810527203581,7.894736842105263,0.12451333863906466
0.3157894736842105,0.002676624649372375,0.5807810527203581,8.157894736842106,0.13075707086716237
0.3157894736842105,0.002676624649372375,0.5807810527203581,8.421052631578947,0.1369291337461649
0.3157894736842105,0.002676624649372375,0.5807810527203581,8.68421052631579,0.1430257425741348
0.3157894736842105,0.002676624649372375,0.5807810527203581,8.947368421052632,0.14904394289450273
0.3157894736842105,0.002676624649372375,0.5807810527203581,9.210526315789473,0.15498148846757975
0.3157894736842105,0.002676624649372375,0.5807810527203581,9.473684210526315,0.16083673642222895
0.3157894736842105,0.002676624649372375,0.5807810527203581,9.736842105263158,0.16660855719202194
0.3157894736842105,0.002676624649372375,0.5807810527203581,10.0,0.17229625715785213
0.3684210526315789,0.002676624649372375,0.5807810527203581,5.0,0.02432806723134462
0.3684210526315789,0.002676624649372375,0.5807810527203581,5.2631578947368425,0.028171581686767144
0.3684210526315789,0.002676624649372375,0.5807810527203581,5.526315789473684,0.03219412137629307
0.3684210526315789,0.002676624649372375,0.5807810527203581,5.7894736842105265,0.036371988623926876
0.3684210526315789,0.002676624649372375,0.5807810527203581,6.052631578947368,0.04068319930789954
0.3684210526315789,0.002676624649372375,0.5807810527203581,6.315789473684211,0.04510755522880616
0.3684210526315789,0.002676624649372375,0.5807810527203581,6.578947368421053,0.04962663935459444
0.3684210526315789,0.002676624649372375,0.5807810527203581,6.842105263157895,0.05422376041783671
0.3684210526315789,0.002676624649372375,0.5807810527203581,7.105263157894736,0.05888386593002326
0.3684210526315789,0.002676624649372375,0.5807810527203581,7.368421052631579,0.06359343711706078
0.3684210526315789,0.002676624649372375,0.5807810527203581,7.631578947368421,0.06834037517359393
0.3684210526315789,0.002676624649372375,0.5807810527203581,7.894736842105263,0.07311388523933737
0.3684210526315789,0.002676624649372375,0.5807810527203581,8.157894736842106,0.07790436234131481
0.3684210526315789,0.002676624649372375,0.5807810527203581,8.421052631578947,0.0827032820055067
0.3684210526315789,0.002676624649372375,0.5807810527203581,8.68421052631579,0.08750309715504745
0.3684210526315789,0.002676624649372375,0.5807810527203581,8.947368421052632,0.0922971421560902
0.3684210526315789,0.002676624649372375,0.5807810527203581,9.210526315789473,0.09707954435501642
0.3684210526315789,0.002676624649372375,0.5807810527203581,9.473684210526315,0.10184514310432358
0.3684210526315789,0.002676624649372375,0.5807810527203581,9.736842105263158,0.10658941604992755
0.3684210526315789,0.002676624649372375,0.5807810527203581,10.0,0.11130841231391453
0.42105263157894735,0.002676624649372375,0.5807810527203581,5.0,0.010064379669205814
0.42105263157894735,0.002676624649372375,0.5807810527203581,5.2631578947368425,0.012126410427624967
0.42105263157894735,0.002676624649372375,0.5807810527203581,5.526315789473684,0.01436552758190668
0.42105263157894735,0.002676624649372375,0.5807810527203581,5.7894736842105265,0.01677019028245741
0.42105263157894735,0.002676624649372375,0.5807810527203581,6.052631578947368,0.019328379603462675
0.42105263157894735,0.002676624649372375,0.5807810527203581,6.315789473684211,0.022027936042150476
0.42105263157894735,0.002676624649372375,0.5807810527203581,6.578947368421053,0.024856813785084753
0.42105263157894735,0.002676624649372375,0.5807810527203581,6.842105263157895,0.027803266927631576
0.42105263157894735,0.002676624649372375,0.5807810527203581,7.105263157894736,0.03085598117934907
0.42105263157894735,0.002676624649372375,0.5807810527203581,7.368421052631579,0.03400416263383799
0.42105263157894735,0.002676624649372375,0.5807810527203581,7.631578947368421,0.0372375932390262
0.42105263157894735,0.002676624649372375,0.5807810527203581,7.894736842105263,0.040546660827695646
0.42105263157894735,0.002676624649372375,0.5807810527203581,8.157894736842106,0.04392237002127797
0.42105263157894735,0.002676624649372375,0.5807810527203581,8.421052631578947,0.04735633901472058
0.42105263157894735,0.002676624649372375,0.5807810527203581,8.68421052631579,0.05084078617259702
0.42105263157894735,0.002676624649372375,0.5807810527203581,8.947368421052632,0.05436850949094374
0.42105263157894735,0.002676624649372375,0.5807810527203581,9.210526315789473,0.05793286127624774
0.42105263157894735,0.002676624649372375,0.5807810527203581,9.473684210526315,0.061527719833943444
0.42105263157894735,0.002676624649372375,0.5807810527203581,9.736842105263158,0.06514745951772538
0.42105263157894735,0.002676624649372375,0.5807810527203581,10.0,0.06878692014543775
0.47368421052631576,0.002676624649372375,0.5807810527203581,5.0,0.0037878344062611813
0.47368421052631576,0.002676624649372375,0.5807810527203581,5.2631578947368425,0.004772521095997462
0.47368421052631576,0.002676624649372375,0.5807810527203581,5.526315789473684,0.0058873605682587815
0.47368421052631576,0.002676624649372375,0.5807810527203581,5.7894736842105265,0.007130843443263979
0.47368421052631576,0.002676624649372375,0.5807810527203581,6.052631578947368,0.008500177307347423
0.47368421052631576,0.002676624649372375,0.5807810527203581,6.315789473684211,0.009991551406085653
0.47368421052631576,0.002676624649372375,0.5807810527203581,6.578947368421053,0.011600372773223677
0.47368421052631576,0.002676624649372375,0.5807810527203581,6.842105263157895,0.013321471457627188
0.47368421052631576,0.002676624649372375,0.5807810527203581,7.105263157894736,0.015149275187622324
0.47368421052631576,0.002676624649372375,0.5807810527203581,7.368421052631579,0.01707795538648882
0.47368421052631576,0.002676624649372375,0.5807810527203581,7.631578947368421,0.019101547275690023
0.47368421052631576,0.002676624649372375,0.5807810527203581,7.894736842105263,0.021214047133038427
0.47368421052631576,0.002676624649372375,0.5807810527203581,8.157894736842106,0.023409489795728877
0.47368421052631576,0.002676624649372375,0.5807810527203581,8.421052631578947,0.025682009339800693
0.47368421052631576,0.002676624649372375,0.5807810527203581,8.68421052631579,0.028025885612789733
0.47368421052631576,0.002676624649372375,0.5807810527203581,8.947368421052632,0.030435578999823076
0.47368421052631576,0.002676624649372375,0.5807810527203581,9.210526315789473,0.03290575549926689
0.47368421052631576,0.002676624649372375,0.5807810527203581,9.473684210526315,0.03543130389232563
0.47368421052631576,0.002676624649372375,0.5807810527203581,9.736842105263158,0.038007346522576535
0.47368421052631576,0.002676624649372375,0.5807810527203581,10.0,0.04062924496125442
0.5263157894736842,0.002676624649372375,0.5807810527203581,5.0,0.0012953324233636598
0.5263157894736842,0.002676624649372375,0.5807810527203581,5.2631578947368425,0.0017152908345484663
0.5263157894736842,0.002676624649372375,0.5807810527203581,5.526315789473684,0.0022134537966691514
0.5263157894736842,0.002676624649372375,0.5807810527203581,5.7894736842105265,0.002793112837620737
0.5263157894736842,0.002676624649372375,0.5807810527203581,6.052631578947368,0.0034565312741845493
0.5263157894736842,0.002676624649372375,0.5807810527203581,6.315789473684211,0.0042050258986692235
0.5263157894736842,0.002676624649372375,0.5807810527203581,6.578947368421053,0.005039063538313293
0.5263157894736842,0.002676624649372375,0.5807810527203581,6.842105263157895,0.0059583639724675175
0.5263157894736842,0.002676624649372375,0.5807810527203581,7.105263157894736,0.006962003107020998
0.5263157894736842,0.002676624649372375,0.5807810527203581,7.368421052631579,0.008048512261779939
0.5263157894736842,0.002676624649372375,0.5807810527203581,7.631578947368421,0.00921597094254989
0.5263157894736842,0.002676624649372375,0.5807810527203581,7.894736842105263,0.010462091601787238
0.5263157894736842,0.002676624649372375,0.5807810527203581,8.157894736842106,0.011784295708331283
0.5263157894736842,0.002676624649372375,0.5807810527203581,8.421052631578947,0.013179781014674541
0.5263157894736842,0.002676624649372375,0.5807810527203581,8.68421052631579,0.014645580288361937
0.5263157894736842,0.002676624649372375,0.5807810527203581,8.947368421052632,0.016178612011259363
0.5263157894736842,0.002676624649372375,0.5807810527203581,9.210526315789473,0.017775723685540812
0.5263157894736842,0.002676624649372375,0.5807810527203581,9.473684210526315,0.019433728448418397
0.5263157894736842,0.002676624649372375,0.5807810527203581,9.736842105263158,0.02114943571161121
0.5263157894736842,0.002676624649372375,0.5807810527203581,10.0,0.022919676523156074
0.5789473684210527,0.002676624649372375,0.5807810527203581,5.0,0.00040208267197827663
0.5789473684210527,0.002676624649372375,0.5807810527203581,5.2631578947368425,0.0005624357964054694
0.5789473684210527,0.002676624649372375,0.5807810527203581,5.526315789473684,0.0007627016039302159
0.5789473684210527,0.002676624649372375,0.5807810527203581,5.7894736842105265,0.0010068767171155235
0.5789473684210527,0.002676624649372375,0.5807810527203581,6.052631578947368,0.0012984938132483137
0.5789473684210527,0.002676624649372375,0.5807810527203581,6.315789473684211,0.0016405850482072992
0.5789473684210527,0.002676624649372375,0.5807810527203581,6.578947368421053,0.002035668576498728
0.5789473684210527,0.002676624649372375,0.5807810527203581,6.842105263157895,0.0024857532840013574
0.5789473684210527,0.002676624649372375,0.5807810527203581,7.105263157894736,0.0029923571955698947
0.5789473684210527,0.002676624649372375,0.5807810527203581,7.368421052631579,0.0035565355909275005
0.5789473684210527,0.002676624649372375,0.5807810527203581,7.631578947368421,0.004178915515115844
0.5789473684210527,0.002676624649372375,0.5807810527203581,7.894736842105263,0.0048597340158976765
0.5789473684210527,0.002676624649372375,0.5807810527203581,8.157894736842106,0.005598878031172316
0.5789473684210527,0.002676624649372375,0.5807810527203581,8.421052631578947,0.0063959243621474204
0.5789473684210527,0.002676624649372375,0.5807810527203581,8.68421052631579,0.007250178596522772
0.5789473684210527,0.002676624649372375,0.5807810527203581,8.947368421052632,0.008160712193561515
0.5789473684210527,0.002676624649372375,0.5807810527203581,9.210526315789473,0.009126397217797733
0.5789473684210527,0.002676624649372375,0.5807810527203581,9.473684210526315,0.010145938420386358
0.5789473684210527,0.002676624649372375,0.5807810527203581,9.736842105263158,0.011217902527173806
0.5789473684210527,0.002676624649372375,0.5807810527203581,10.0,0.012340744710196638
0.631578947368421,0.002676624649372375,0.5807810527203581,5.0,0.0001131949663233378
0.631578947368421,0.002676624649372375,0.5807810527203581,5.2631578947368425,0.0001681114055719357
0.631578947368421,0.002676624649372375,0.5807810527203581,5.526315789473684,0.00024067251192771974
0.631578947368421,0.002676624649372375,0.5807810527203581,5.7894736842105265,0.0003337848728534043
0.631578947368421,0.002676624649372375,0.5807810527203581,6.052631578947368,0.0004502949451294924
0.631578947368421,0.002676624649372375,0.5807810527203581,6.315789473684211,0.0005929284160561821
0.631578947368421,0.002676624649372375,0.5807810527203581,6.578947368421053,0.0007642414927911956
0.631578947368421,0.002676624649372375,0.5807810527203581,6.842105263157895,0.0009665840444474938
0.631578947368421,0.002676624649372375,0.5807810527203581,7.105263157894736,0.0012020737949534066
0.631578947368421,0.002676624649372375,0.5807810527203581,7.368421052631579,0.001472580339613172
0.631578947368421,0.002676624649372375,0.5807810527203581,7.631578947368421,0.0017797175599681971
0.631578947368421,0.002676624649372375,0.5807810527203581,7.894736842105263,0.002124842972203944
0.631578947368421,0.002676624649372375,0.5807810527203581,8.157894736842106,0.0025090626084796064
0.631578947368421,0.002676624649372375,0.5807810527203581,8.421052631578947,0.002933240155776895
0.631578947368421,0.002676624649372375,0.5807810527203581,8.68421052631579,0.00339800923252942
0.631578947368421,0.002676624649372375,0.5807810527203581,8.947368421052632,0.003903787848490991
0.631578947368421,0.002676624649372375,0.5807810527203581,9.210526315789473,0.004450794254530432
0.631578947368421,0.002676624649372375,0.5807810527203581,9.473684210526315,0.005039063538313182
0.631578947368421,0.002676624649372375,0.5807810527203581,9.736842105263158,0.005668464454994471
0.631578947368421,0.002676624649372375,0.5807810527203581,10.0,0.006338716097543662
0.6842105263157894,0.002676624649372375,0.5807810527203581,5.0,2.8880927618435415e-05
0.6842105263157894,0.002676624649372375,0.5807810527203581,5.2631578947368425,4.5773341269428336e-05
0.6842105263157894,0.002676624649372375,0.5807810527203581,5.526315789473684,6.950168353159203e-05
0.6842105263157894,0.002676624649372375,0.5807810527203581,5.7894736842105265,0.0001016894237995114
0.6842105263157894,0.002676624649372375,0.5807810527203581,6.052631578947368,0.00014405717065268941
0.6842105263157894,0.002676624649372375,0.5807810527203581,6.315789473684211,0.0001983847798714411
0.6842105263157894,0.002676624649372375,0.5807810527203581,6.578947368421053,0.00026647447979089023
0.6842105263157894,0.002676624649372375,0.5807810527203581,6.842105263157895,0.00035011666978090883
0.6842105263157894,0.002676624649372375,0.5807810527203581,7.105263157894736,0.0004510594867690454
0.6842105263157894,0.002676624649372375,0.5807810527203581,7.368421052631579,0.0005709827532808243
0.6842105263157894,0.002676624649372375,0.5807810527203581,7.631578947368421,0.0007114765364172326
0.6842105263157894,0.002676624649372375,0.5807810527203581,7.894736842105263,0.0008740242604583504
0.6842105263157894,0.002676624649372375,0.5807810527203581,8.157894736842106,0.0010599901162957615
0.6842105263157894,0.002676624649372375,0.5807810527203581,8.421052631578947,0.0012706103841232386
0.6842105263157894,0.002676624649372375,0.5807810527203581,8.68421052631579,0.0015069882163259996
0.6842105263157894,0.002676624649372375,0.5807810527203581,8.947368421052632,0.001770091400904783
0.6842105263157894,0.002676624649372375,0.5807810527203581,9.210526315789473,0.0020607526296694267
0.6842105263157894,0.002676624649372375,0.5807810527203581,9.473684210526315,0.0023796718197713895
0.6842105263157894,0.002676624649372375,0.5807810527203581,9.736842105263158,0.0027274200740560195
0.6842105263157894,0.002676624649372375,0.5807810527203581,10.0,0.0031044449093440285
0.7368421052631579,0.002676624649372375,0.5807810527203581,5.0,6.674380908400224e-06
0.7368421052631579,0.002676624649372375,0.5807810527203581,5.2631578947368425,1.134667373048348e-05
0.7368421052631579,0.002676624649372375,0.5807810527203581,5.526315789473684,1.8357602927565608e-05
0.7368421052631579,0.002676624649372375,0.5807810527203581,5.7894736842105265,2.8455341253841308e-05
0.7368421052631579,0.002676624649372375,0.5807810527203581,6.052631578947368,4.249310578263721e-05
0.7368421052631579,0.002676624649372375,0.5807810527203581,6.315789473684211,6.141677964821568e-05
0.7368421052631579,0.002676624649372375,0.5807810527203581,6.578947368421053,8.624954712810329e-05
0.7368421052631579,0.002676624649372375,0.5807810527203581,6.842105263157895,0.00011807467347646483
0.7368421052631579,0.002676624649372375,0.5807810527203581,7.105263157894736,0.00015801746222887658
0.7368421052631579,0.002676624649372375,0.5807810527203581,7.368421052631579,0.00020722726581356987
0.7368421052631579,0.002676624649372375,0.5807810527203581,7.631578947368421,0.0002668602441490142
0.7368421052631579,0.002676624649372375,0.5807810527203581,7.894736842105263,0.00033806338450692586
0.7368421052631579,0.002676624649372375,0.5807810527203581,8.157894736842106,0.0004219601294476183
0.7368421052631579,0.002676624649372375,0.5807810527203581,8.421052631578947,0.0005196378162681814
0.7368421052631579,0.002676624649372375,0.5807810527203581,8.68421052631579,0.0006321370142555738
0.7368421052631579,0.002676624649372375,0.5807810527203581,8.947368421052632,0.0007604427548784098
0.7368421052631579,0.002676624649372375,0.5807810527203581,9.210526315789473,0.0009054775826753403
0.7368421052631579,0.002676624649372375,0.5807810527203581,9.473684210526315,0.001068096307779376
0.7368421052631579,0.002676624649372375,0.5807810527203581,9.736842105263158,0.0012490823112104588
0.7368421052631579,0.002676624649372375,0.5807810527203581,10.0,0.0014491452377937142
0.7894736842105263,0.002676624649372375,0.5807810527203581,5.0,1.3963999513366687e-06
0.7894736842105263,0.002676624649372375,0.5807810527203581,5.2631578947368425,2.5594851332799706e-06
0.7894736842105263,0.002676624649372375,0.5807810527203581,5.526315789473684,4.432821646638274e-06
0.7894736842105263,0.002676624649372375,0.5807810527203581,5.7894736842105265,7.310155253348326e-06
0.7894736842105263,0.002676624649372375,0.5807810527203581,6.052631578947368,1.1551748015925511e-05
0.7894736842105263,0.002676624649372375,0.5807810527203581,6.315789473684211,1.7584984452034824e-05
0.7894736842105263,0.002676624649372375,0.5807810527203581,6.578947368421053,2.590249087919272e-05
0.7894736842105263,0.002676624649372375,0.5807810527203581,6.842105263157895,3.705803326337076e-05
0.7894736842105263,0.002676624649372375,0.5807810527203581,7.105263157894736,5.166056855820944e-05
0.7894736842105263,0.002676624649372375,0.5807810527203581,7.368421052631579,7.036687865635827e-05
0.7894736842105263,0.002676624649372375,0.5807810527203581,7.631578947368421,9.387322512521834e-05
0.7894736842105263,0.002676624649372375,0.5807810527203581,7.894736842105263,0.00012290643896983866
0.7894736842105263,0.002676624649372375,0.5807810527203581,8.157894736842106,0.00015821481427047424
0.7894736842105263,0.002676624649372375,0.5807810527203581,8.421052631578947,0.00020055911742056232
0.7894736842105263,0.002676624649372375,0.5807810527203581,8.68421052631579,0.000250703962390908
0.7894736842105263,0.002676624649372375,0.5807810527203581,8.947368421052632,0.00030940974235271756
0.7894736842105263,0.002676624649372375,0.5807810527203581,9.210526315789473,0.0003774252526156374
0.7894736842105263,0.002676624649372375,0.5807810527203581,9.473684210526315,0.0004554810911694407
0.7894736842105263,0.002676624649372375,0.5807810527203581,9.736842105263158,0.0005442838820357565
0.7894736842105263,0.002676624649372375,0.5807810527203581,10.0,0.0006445113332237407
0.8421052631578947,0.002676624649372375,0.5807810527203581,5.0,2.643766361387634e-07
0.8421052631578947,0.002676624649372375,0.5807810527203581,5.2631578947368425,5.251502781522532e-07
0.8421052631578947,0.002676624649372375,0.5807810527203581,5.526315789473684,9.781609968673166e-07
0.8421052631578947,0.002676624649372375,0.5807810527203581,5.7894736842105265,1.7234137202892796e-06
0.8421052631578947,0.002676624649372375,0.5807810527203581,6.052631578947368,2.893017203686732e-06
0.8421052631578947,0.002676624649372375,0.5807810527203581,6.315789473684211,4.654838472561984e-06
0.8421052631578947,0.002676624649372375,0.5807810527203581,6.578947368421053,7.215128140836136e-06
0.8421052631578947,0.002676624649372375,0.5807810527203581,6.842105263157895,1.0819986784649238e-05
0.8421052631578947,0.002676624649372375,0.5807810527203581,7.105263157894736,1.5755635464520523e-05
0.8421052631578947,0.002676624649372375,0.5807810527203581,7.368421052631579,2.2347533050637303e-05
0.8421052631578947,0.002676624649372375,0.5807810527203581,7.631578947368421,3.09584444386779e-05
0.8421052631578947,0.002676624649372375,0.5807810527203581,7.894736842105263,4.198560582124866e-05
0.8421052631578947,0.002676624649372375,0.5807810527203581,8.157894736842106,5.585715720335394e-05
0.8421052631578947,0.002676624649372375,0.5807810527203581,8.421052631578947,7.302802100861427e-05
0.8421052631578947,0.002676624649372375,0.5807810527203581,8.68421052631579,9.397540224431733e-05
0.8421052631578947,0.002676624649372375,0.5807810527203581,8.947368421052632,0.00011919407361915546
0.8421052631578947,0.002676624649372375,0.5807810527203581,9.210526315789473,0.00014919159127124715
0.8421052631578947,0.002676624649372375,0.5807810527203581,9.473684210526315,0.00018448356591360682
0.8421052631578947,0.002676624649372375,0.5807810527203581,9.736842105263158,0.00022558909223113766
0.8421052631578947,0.002676624649372375,0.5807810527203581,10.0,0.000273026417738631
0.894736842105263,0.002676624649372375,0.5807810527203581,5.0,4.527856156677501e-08
0.894736842105263,0.002676624649372375,0.5807810527203581,5.2631578947368425,9.797293232249871e-08
0.894736842105263,0.002676624649372375,0.5807810527203581,5.526315789473684,1.9717570143296115e-07
0.894736842105263,0.002676624649372375,0.5807810527203581,5.7894736842105265,3.7273684094785153e-07
0.894736842105263,0.002676624649372375,0.5807810527203581,6.052631578947368,6.672376192673468e-07
0.894736842105263,0.002676624649372375,0.5807810527203581,6.315789473684211,1.1387526563932937e-06
0.894736842105263,0.002676624649372375,0.5807810527203581,6.578947368421053,1.8634646299364734e-06
0.894736842105263,0.002676624649372375,0.5807810527203581,6.842105263157895,2.9379800282614e-06
0.894736842105263,0.002676624649372375,0.5807810527203581,7.105263157894736,4.4812220365564315e-06
0.894736842105263,0.002676624649372375,0.5807810527203581,7.368421052631579,6.635811622968114e-06
0.894736842105263,0.002676624649372375,0.5807810527203581,7.631578947368421,9.568885074084932e-06
0.894736842105263,0.002676624649372375,0.5807810527203581,7.894736842105263,1.347233157900085e-05
0.894736842105263,0.002676624649372375,0.5807810527203581,8.157894736842106,1.856246527498495e-05
0.894736842105263,0.002676624649372375,0.5807810527203581,8.421052631578947,2.5079170928643535e-05
0.894736842105263,0.002676624649372375,0.5807810527203581,8.68421052631579,3.32845806239046e-05
0.894736842105263,0.002676624649372375,0.5807810527203581,8.947368421052632,4.3461350681672783e-05
0.894736842105263,0.002676624649372375,0.5807810527203581,9.210526315789473,5.5910614232712597e-05
0.894736842105263,0.002676624649372375,0.5807810527203581,9.473684210526315,7.094968632159748e-05
0.894736842105263,0.002676624649372375,0.5807810527203581,9.736842105263158,8.890959618101935e-05
0.894736842105263,0.002676624649372375,0.5807810527203581,10.0,0.00011013251634039989
0.9473684210526315,0.002676624649372375,0.5807810527203581,5.0,7.0126507933920834e-09
0.9473684210526315,0.002676624649372375,0.5807810527203581,5.2631578947368425,1.6614451037177957e-08
0.9473684210526315,0.002676624649372375,0.5807810527203581,5.526315789473684,3.6297551964104e-08
0.9473684210526315,0.002676624649372375,0.5807810527203581,5.7894736842105265,7.393240575304105e-08
0.9473684210526315,0.002676624649372375,0.5807810527203581,6.052631578947368,1.4167984874191575e-07
0.9473684210526315,0.002676624649372375,0.5807810527203581,6.315789473684211,2.5738906350714075e-07
0.9473684210526315,0.002676624649372375,0.5807810527203581,6.578947368421053,4.4611663063687246e-07
0.9473684210526315,0.002676624649372375,0.5807810527203581,6.842105263157895,7.416961793627053e-07
0.9473684210526315,0.002676624649372375,0.5807810527203581,7.105263157894736,1.1882829855647259e-06
0.9473684210526315,0.002676624649372375,0.5807810527203581,7.368421052631579,1.8417998567388238e-06
0.9473684210526315,0.002676624649372375,0.5807810527203581,7.631578947368421,2.7712185035611014e-06
0.9473684210526315,0.002676624649372375,0.5807810527203581,7.894736842105263,4.05962257687964e-06
0.9473684210526315,0.002676624649372375,0.5807810527203581,8.157894736842106,5.805012855408798e-06
0.9473684210526315,0.002676624649372375,0.5807810527203581,8.421052631578947,8.12083007606379e-06
0.9473684210526315,0.002676624649372375,0.5807810527203581,8.68421052631579,1.1136185315674396e-05
0.9473684210526315,0.002676624649372375,0.5807810527203581,8.947368421052632,1.4995800736494758e-05
0.9473684210526315,0.002676624649372375,0.5807810527203581,9.210526315789473,1.985967434137148e-05
0.9473684210526315,0.002676624649372375,0.5807810527203581,9.473684210526315,2.590249087919272e-05
0.9473684210526315,0.002676624649372375,0.5807810527203581,9.736842105263158,3.3312807192209526e-05
0.9473684210526315,0.002676624649372375,0.5807810527203581,10.0,4.229204424710531e-05
1.0,0.002676624649372375,0.5807810527203581,5.0,9.819146606915297e-10
1.0,0.002676624649372375,0.5807810527203581,5.2631578947368425,2.5603943409890917e-09
1.0,0.002676624649372375,0.5807810527203581,5.526315789473684,6.100527638608355e-09
1.0,0.002676624649372375,0.5807810527203581,5.7894736842105265,1.3445406343848276e-08
1.0,0.002676624649372375,0.5807810527203581,6.052631578947368,2.7689944337438984e-08
1.0,0.002676624649372375,0.5807810527203581,6.315789473684211,5.373739064840066e-08
1.0,0.002676624649372375,0.5807810527203581,6.578947368421053,9.897310615514243e-08
1.0,0.002676624649372375,0.5807810527203581,6.842105263157895,1.7404083052507957e-07
1.0,0.002676624649372375,0.5807810527203581,7.105263157894736,2.936975880274417e-07
1.0,0.002676624649372375,0.5807810527203581,7.368421052631579,4.777165861780119e-07
1.0,0.002676624649372375,0.5807810527203581,7.631578947368421,7.518034783604577e-07
1.0,0.002676624649372375,0.5807810527203581,7.894736842105263,1.1484902612268755e-06
1.0,0.002676624649372375,0.5807810527203581,8.157894736842106,1.707972590248019e-06
1.0,0.002676624649372375,0.5807810527203581,8.421052631578947,2.478859926435817e-06
1.0,0.002676624649372375,0.5807810527203581,8.68421052631579,3.518813053826619e-06
1.0,0.002676624649372375,0.5807810527203581,8.947368421052632,4.895049533604201e-06
1.0,0.002676624649372375,0.5807810527203581,9.210526315789473,6.6847040022244295e-06
1.0,0.002676624649372375,0.5807810527203581,9.473684210526315,8.975036437486317e-06
1.0,0.002676624649372375,0.5807810527203581,9.736842105263158,1.1863487245800108e-05
1.0,0.002676624649372375,0.5807810527203581,10.0,1.5457583040556777e-05
0.0,0.002427142918845047,0.8249277166086222,5.0,1.0
0.0,0.002427142918845047,0.8249277166086222,5.2631578947368425,1.0
0.0,0.002427142918845047,0.8249277166086222,5.526315789473684,1.0
0.0,0.002427142918845047,0.8249277166086222,5.7894736842105265,1.0
0.0,0.002427142918845047,0.8249277166086222,6.052631578947368,1.0
0.0,0.002427142918845047,0.8249277166086222,6.315789473684211,1.0
0.0,0.002427142918845047,0.8249277166086222,6.578947368421053,1.0
0.0,0.002427142918845047,0.8249277166086222,6.842105263157895,1.0
0.0,0.002427142918845047,0.8249277166086222,7.105263157894736,1.0
0.0,0.002427142918845047,0.8249277166086222,7.368421052631579,1.0
0.0,0.002427142918845047,0.8249277166086222,7.631578947368421,1.0
0.0,0.002427142918845047,0.8249277166086222,7.894736842105263,1.0
0.0,0.002427142918845047,0.8249277166086222,8.157894736842106,1.0
0.0,0.002427142918845047,0.8249277166086222,8.421052631578947,1.0
0.0,0.002427142918845047,0.8249277166086222,8.68421052631579,1.0
0.0,0.002427142918845047,0.8249277166086222,8.947368421052632,1.0
0.0,0.002427142918845047,0.8249277166086222,9.210526315789473,1.0
0.0,0.002427142918845047,0.8249277166086222,9.473684210526315,1.0
0.0,0.002427142918845047,0.8249277166086222,9.736842105263158,1.0
0.0,0.002427142918845047,0.8249277166086222,10.0,1.0
0.05263157894736842,0.002427142918845047,0.8249277166086222,5.0,0.735491001409649
0.05263157894736842,0.002427142918845047,0.8249277166086222,5.2631578947368425,0.7419468253018344
0.05263157894736842,0.002427142918845047,0.8249277166086222,5.526315789473684,0.7479521368856483
0.05263157894736842,0.002427142918845047,0.8249277166086222,5.7894736842105265,0.7535569845505169
0.05263157894736842,0.002427142918845047,0.8249277166086222,6.052631578947368,0.7588039667172852
0.05263157894736842,0.002427142918845047,0.8249277166086222,6.315789473684211,0.7637295989870343
0.05263157894736842,0.002427142918845047,0.8249277166086222,6.578947368421053,0.7683653867697604
0.05263157894736842,0.002427142918845047,0.8249277166086222,6.842105263157895,0.7727386755253562
0.05263157894736842,0.002427142918845047,0.8249277166086222,7.105263157894736,0.7768733311117868
0.05263157894736842,0.002427142918845047,0.8249277166086222,7.368421052631579,0.780790288942693
0.05263157894736842,0.002427142918845047,0.8249277166086222,7.631578947368421,0.78450800083094
0.05263157894736842,0.002427142918845047,0.8249277166086222,7.894736842105263,0.7880428013027616
0.05263157894736842,0.002427142918845047,0.8249277166086222,8.157894736842106,0.7914092099861565
0.05263157894736842,0.002427142918845047,0.8249277166086222,8.421052631578947,0.7946201828494439
0.05263157894736842,0.002427142918845047,0.8249277166086222,8.68421052631579,0.7976873222082013
0.05263157894736842,0.002427142918845047,0.8249277166086222,8.947368421052632,0.8006210532644181
0.05263157894736842,0.002427142918845047,0.8249277166086222,9.210526315789473,0.8034307733026678
0.05263157894736842,0.002427142918845047,0.8249277166086222,9.473684210526315,0.8061249784103974
0.05263157894736842,0.002427142918845047,0.8249277166086222,9.736842105263158,0.8087113716166037
0.05263157894736842,0.002427142918845047,0.8249277166086222,10.0,0.8111969555849392
0.10526315789473684,0.002427142918845047,0.8249277166086222,5.0,0.4992560329083511
0.10526315789473684,0.002427142918845047,0.8249277166086222,5.2631578947368425,0.5101830570459219
0.10526315789473684,0.002427142918845047,0.8249277166086222,5.526315789473684,0.5204307163026718
0.10526315789473684,0.002427142918845047,0.8249277166086222,5.7894736842105265,0.5300659494695836
0.10526315789473684,0.002427142918845047,0.8249277166086222,6.052631578947368,0.5391469078796182
0.10526315789473684,0.002427142918845047,0.8249277166086222,6.315789473684211,0.5477243673997854
0.10526315789473684,0.002427142918845047,0.8249277166086222,6.578947368421053,0.5558428764885397
0.10526315789473684,0.002427142918845047,0.8249277166086222,6.842105263157895,0.5635416957589261
0.10526315789473684,0.002427142918845047,0.8249277166086222,7.105263157894736,0.5708555717380341
0.10526315789473684,0.002427142918845047,0.8249277166086222,7.368421052631579,0.5778153779044883
0.10526315789473684,0.002427142918845047,0.8249277166086222,7.631578947368421,0.5844486488059892
0.10526315789473684,0.002427142918845047,0.8249277166086222,7.894736842105263,0.5907800275114599
0.10526315789473684,0.002427142918845047,0.8249277166086222,8.157894736842106,0.5968316423989435
0.10526315789473684,0.002427142918845047,0.8249277166086222,8.421052631578947,0.6026234259987576
0.10526315789473684,0.002427142918845047,0.8249277166086222,8.68421052631579,0.6081733860636835
0.10526315789473684,0.002427142918845047,0.8249277166086222,8.947368421052632,0.6134978370478489
0.10526315789473684,0.002427142918845047,0.8249277166086222,9.210526315789473,0.6186115986120202
0.10526315789473684,0.002427142918845047,0.8249277166086222,9.473684210526315,0.623528166536815
0.10526315789473684,0.002427142918845047,0.8249277166086222,9.736842105263158,0.6282598604426222
0.10526315789473684,0.002427142918845047,0.8249277166086222,10.0,0.6328179519295507
0.15789473684210525,0.002427142918845047,0.8249277166086222,5.0,0.31082560103087264
0.15789473684210525,0.002427142918845047,0.8249277166086222,5.2631578947368425,0.32323639141442123
0.15789473684210525,0.002427142918845047,0.8249277166086222,5.526315789473684,0.3350346882207799
0.15789473684210525,0.002427142918845047,0.8249277166086222,5.7894736842105265,0.3462653368704062
0.15789473684210525,0.002427142918845047,0.8249277166086222,6.052631578947368,0.3569693452495747
0.15789473684210525,0.002427142918845047,0.8249277166086222,6.315789473684211,0.3671841614078153
0.15789473684210525,0.002427142918845047,0.8249277166086222,6.578947368421053,0.37694396629159954
0.15789473684210525,0.002427142918845047,0.8249277166086222,6.842105263157895,0.3862799630066862
0.15789473684210525,0.002427142918845047,0.8249277166086222,7.105263157894736,0.39522065236954407
0.15789473684210525,0.002427142918845047,0.8249277166086222,7.368421052631579,0.4037920895573993
0.15789473684210525,0.002427142918845047,0.8249277166086222,7.631578947368421,0.4120181197190974
0.15789473684210525,0.002427142918845047,0.8249277166086222,7.894736842105263,0.4199205922192679
0.15789473684210525,0.002427142918845047,0.8249277166086222,8.157894736842106,0.427519554225312
0.15789473684210525,0.002427142918845047,0.8249277166086222,8.421052631578947,0.4348334249041084
0.15789473684210525,0.002427142918845047,0.8249277166086222,8.68421052631579,0.44187915175772263
0.15789473684210525,0.002427142918845047,0.8249277166086222,8.947368421052632,0.44867235071122724
0.15789473684210525,0.002427142918845047,0.8249277166086222,9.210526315789473,0.4552274315444346
0.15789473684210525,0.002427142918845047,0.8249277166086222,9.473684210526315,0.4615577101790277
0.15789473684210525,0.002427142918845047,0.8249277166086222,9.736842105263158,0.4676755092220878
0.15789473684210525,0.002427142918845047,0.8249277166086222,10.0,0.47359224804406297
0.21052631578947367,0.002427142918845047,0.8249277166086222,5.0,0.17659243903433072
0.21052631578947367,0.002427142918845047,0.8249277166086222,5.2631578947368425,0.18780330966496694
0.21052631578947367,0.002427142918845047,0.8249277166086222,5.526315789473684,0.1986653876784521
0.21052631578947367,0.002427142918845047,0.8249277166086222,5.7894736842105265,0.2091846150409172
0.21052631578947367,0.002427142918845047,0.8249277166086222,6.052631578947368,0.21936924016574255
0.21052631578947367,0.002427142918845047,0.8249277166086222,6.315789473684211,0.22922903825395236
0.21052631578947367,0.002427142918845047,0.8249277166086222,6.578947368421053,0.23877474017093692
0.21052631578947367,0.002427142918845047,0.8249277166086222,6.842105263157895,0.24801761528428845
0.21052631578947367,0.002427142918845047,0.8249277166086222,7.105263157894736,0.25696916824584903
0.21052631578947367,0.002427142918845047,0.8249277166086222,7.368421052631579,0.26564092027578745
0.21052631578947367,0.002427142918845047,0.8249277166086222,7.631578947368421,0.27404425320891956
0.21052631578947367,0.002427142918845047,0.8249277166086222,7.894736842105263,0.28219030019340174
0.21052631578947367,0.002427142918845047,0.8249277166086222,8.157894736842106,0.2900898710631056
0.21052631578947367,0.002427142918845047,0.8249277166086222,8.421052631578947,0.2977534034488013
0.21052631578947367,0.002427142918845047,0.8249277166086222,8.68421052631579,0.305190932945172
0.21052631578947367,0.002427142918845047,0.8249277166086222,8.947368421052632,0.3124120773234055
0.21052631578947367,0.002427142918845047,0.8249277166086222,9.210526315789473,0.31942603102642053
0.21052631578947367,0.002427142918845047,0.8249277166086222,9.473684210526315,0.3262415671172535
0.21052631578947367,0.002427142918845047,0.8249277166086222,9.736842105263158,0.33286704455206456
0.21052631578947367,0.002427142918845047,0.8249277166086222,10.0,0.3393104191771461
0.2631578947368421,0.002427142918845047,0.8249277166086222,5.0,0.09119030732155853
0.2631578947368421,0.002427142918845047,0.8249277166086222,5.2631578947368425,0.0996851975895151
0.2631578947368421,0.002427142918845047,0.8249277166086222,5.526315789473684,0.1081193103475494
0.2631578947368421,0.002427142918845047,0.8249277166086222,5.7894736842105265,0.11647017417202454
0.2631578947368421,0.002427142918845047,0.8249277166086222,6.052631578947368,0.12472025657576857
0.2631578947368421,0.002427142918845047,0.8249277166086222,6.315789473684211,0.13285606547987105
0.2631578947368421,0.002427142918845047,0.8249277166086222,6.578947368421053,0.14086740693344457
0.2631578947368421,0.002427142918845047,0.8249277166086222,6.842105263157895,0.14874677406940773
0.2631578947368421,0.002427142918845047,0.8249277166086222,7.105263157894736,0.1564888451602986
0.2631578947368421,0.002427142918845047,0.8249277166086222,7.368421052631579,0.16409007178056456
0.2631578947368421,0.002427142918845047,0.8249277166086222,7.631578947368421,0.17154834108670947
0.2631578947368421,0.002427142918845047,0.8249277166086222,7.894736842105263,0.1788626989189539
0.2631578947368421,0.002427142918845047,0.8249277166086222,8.157894736842106,0.1860331227528723
0.2631578947368421,0.002427142918845047,0.8249277166086222,8.421052631578947,0.19306033549223
0.2631578947368421,0.002427142918845047,0.8249277166086222,8.68421052631579,0.19994565272775588
0.2631578947368421,0.002427142918845047,0.8249277166086222,8.947368421052632,0.20669085743351565
0.2631578947368421,0.002427142918845047,0.8249277166086222,9.210526315789473,0.21329809717661466
0.2631578947368421,0.002427142918845047,0.8249277166086222,9.473684210526315,0.2197697998175714
0.2631578947368421,0.002427142918845047,0.8249277166086222,9.736842105263158,0.22610860441341143
0.2631578947368421,0.002427142918845047,0.8249277166086222,10.0,0.23231730463363887
0.3157894736842105,0.002427142918845047,0.8249277166086222,5.0,0.042664214208400275
0.3157894736842105,0.002427142918845047,0.8249277166086222,5.2631578947368425,0.0481935198018667
0.3157894736842105,0.002427142918845047,0.8249277166086222,5.526315789473684,0.05384955034867478
0.3157894736842105,0.002427142918845047,0.8249277166086222,5.7894736842105265,0.05960339636101608
0.3157894736842105,0.002427142918845047,0.8249277166086222,6.052631578947368,0.06542972638804145
0.3157894736842105,0.002427142918845047,0.8249277166086222,6.315789473684211,0.0713064626672838
0.3157894736842105,0.002427142918845047,0.8249277166086222,6.578947368421053,0.07721445051232334
0.3157894736842105,0.002427142918845047,0.8249277166086222,6.842105263157895,0.08313713828149782
0.3157894736842105,0.002427142918845047,0.8249277166086222,7.105263157894736,0.08906027737816125
0.3157894736842105,0.002427142918845047,0.8249277166086222,7.368421052631579,0.09497164695881288
0.3157894736842105,0.002427142918845047,0.8249277166086222,7.631578947368421,0.10086080501285077
0.3157894736842105,0.002427142918845047,0.8249277166086222,7.894736842105263,0.10671886563647438
0.3157894736842105,0.002427142918845047,0.8249277166086222,8.157894736842106,0.11253830125186126
0.3157894736842105,0.002427142918845047,0.8249277166086222,8.421052631578947,0.1183127679504008
0.3157894736842105,0.002427142918845047,0.8249277166086222,8.68421052631579,0.12403695188423136
0.3157894736842105,0.002427142918845047,0.8249277166086222,8.947368421052632,0.12970643457314734
0.3157894736842105,0.002427142918845047,0.8249277166086222,9.210526315789473,0.13531757505481523
0.3157894736842105,0.002427142918845047,0.8249277166086222,9.473684210526315,0.14086740693344457
0.3157894736842105,0.002427142918845047,0.8249277166086222,9.736842105263158,0.14635354854240423
0.3157894736842105,0.002427142918845047,0.8249277166086222,10.0,0.15177412460883688
0.3684210526315789,0.002427142918845047,0.8249277166086222,5.0,0.01803918748005595
0.3684210526315789,0.002427142918845047,0.8249277166086222,5.2631578947368425,0.02117024849957172
0.3684210526315789,0.002427142918845047,0.8249277166086222,5.526315789473684,0.024487971771764983
0.3684210526315789,0.002427142918845047,0.8249277166086222,5.7894736842105265,0.02797272312384735
0.3684210526315789,0.002427142918845047,0.8249277166086222,6.052631578947368,0.03160568383865958
0.3684210526315789,0.002427142918845047,0.8249277166086222,6.315789473684211,0.035369062600412615
0.3684210526315789,0.002427142918845047,0.8249277166086222,6.578947368421053,0.03924621638231596
0.3684210526315789,0.002427142918845047,0.8249277166086222,6.842105263157895,0.043221705260754854
0.3684210526315789,0.002427142918845047,0.8249277166086222,7.105263157894736,0.04728130037924005
0.3684210526315789,0.002427142918845047,0.8249277166086222,7.368421052631579,0.05141195960565914
0.3684210526315789,0.002427142918845047,0.8249277166086222,7.631578947368421,0.05560178172866348
0.3684210526315789,0.002427142918845047,0.8249277166086222,7.894736842105263,0.05983994717325147
0.3684210526315789,0.002427142918845047,0.8249277166086222,8.157894736842106,0.06411665102636765
0.3684210526315789,0.002427142918845047,0.8249277166086222,8.421052631578947,0.0684230325099342
0.3684210526315789,0.002427142918845047,0.8249277166086222,8.68421052631579,0.0727511038020543
0.3684210526315789,0.002427142918845047,0.8249277166086222,8.947368421052632,0.07709368019035368
0.3684210526315789,0.002427142918845047,0.8249277166086222,9.210526315789473,0.08144431286779685
0.3684210526315789,0.002427142918845047,0.8249277166086222,9.473684210526315,0.08579722519103006
0.3684210526315789,0.002427142918845047,0.8249277166086222,9.736842105263158,0.09014725286837932
0.3684210526315789,0.002427142918845047,0.8249277166086222,10.0,0.09448978829397792
0.42105263157894735,0.002427142918845047,0.8249277166086222,5.0,0.00687905497540775
0.42105263157894735,0.002427142918845047,0.8249277166086222,5.2631578947368425,0.008433313041787849
0.42105263157894735,0.002427142918845047,0.8249277166086222,5.526315789473684,0.010148545678080767
0.42105263157894735,0.002427142918845047,0.8249277166086222,5.7894736842105265,0.012017794946138749
0.42105263157894735,0.002427142918845047,0.8249277166086222,6.052631578947368,0.014033132070337961
0.42105263157894735,0.002427142918845047,0.8249277166086222,6.315789473684211,0.016185995172006917
0.42105263157894735,0.002427142918845047,0.8249277166086222,6.578947368421053,0.01846746309358882
0.42105263157894735,0.002427142918845047,0.8249277166086222,6.842105263157895,0.020868472780189776
0.42105263157894735,0.002427142918845047,0.8249277166086222,7.105263157894736,0.023379988308995014
0.42105263157894735,0.002427142918845047,0.8249277166086222,7.368421052631579,0.02599312942305876
0.42105263157894735,0.002427142918845047,0.8249277166086222,7.631578947368421,0.028699266747367447
0.42105263157894735,0.002427142918845047,0.8249277166086222,7.894736842105263,0.031490089996270565
0.42105263157894735,0.002427142918845047,0.8249277166086222,8.157894736842106,0.03435765457221995
0.42105263157894735,0.002427142918845047,0.8249277166086222,8.421052631578947,0.03729441108894327
0.42105263157894735,0.002427142918845047,0.8249277166086222,8.68421052631579,0.04029322156857473
0.42105263157894735,0.002427142918845047,0.8249277166086222,8.947368421052632,0.04334736537764694
0.42105263157894735,0.002427142918845047,0.8249277166086222,9.210526315789473,0.04645053738259097
0.42105263157894735,0.002427142918845047,0.8249277166086222,9.473684210526315,0.04959684031518441
0.42105263157894735,0.002427142918845047,0.8249277166086222,9.736842105263158,0.05278077293233052
0.42105263157894735,0.002427142918845047,0.8249277166086222,10.0,0.05599721522153234
0.47368421052631576,0.002427142918845047,0.8249277166086222,5.0,0.0023620641660276886
0.47368421052631576,0.002427142918845047,0.8249277166086222,5.2631578947368425,0.0030417484413807205
0.47368421052631576,0.002427142918845047,0.8249277166086222,5.526315789473684,0.003827160237517946
0.47368421052631576,0.002427142918845047,0.8249277166086222,5.7894736842105265,0.004719597750044602
0.47368421052631576,0.002427142918845047,0.8249277166086222,6.052631578947368,0.005719106111233496
0.47368421052631576,0.002427142918845047,0.8249277166086222,6.315789473684211,0.006824659237445574
0.47368421052631576,0.002427142918845047,0.8249277166086222,6.578947368421053,0.0080343368677942
0.47368421052631576,0.002427142918845047,0.8249277166086222,6.842105263157895,0.009345489993498712
0.47368421052631576,0.002427142918845047,0.8249277166086222,7.105263157894736,0.010754890907355485
0.47368421052631576,0.002427142918845047,0.8249277166086222,7.368421052631579,0.012258866224663767
0.47368421052631576,0.002427142918845047,0.8249277166086222,7.631578947368421,0.013853412647191865
0.47368421052631576,0.002427142918845047,0.8249277166086222,7.894736842105263,0.015534296142098114
0.47368421052631576,0.002427142918845047,0.8249277166086222,8.157894736842106,0.01729713573586289
0.47368421052631576,0.002427142918845047,0.8249277166086222,8.421052631578947,0.01913747339350813
0.47368421052631576,0.002427142918845047,0.8249277166086222,8.68421052631579,0.02105083155084242
0.47368421052631576,0.002427142918845047,0.8249277166086222,8.947368421052632,0.02303275985388742
0.47368421052631576,0.002427142918845047,0.8249277166086222,9.210526315789473,0.02507887257861463
0.47368421052631576,0.002427142918845047,0.8249277166086222,9.473684210526315,0.027184878085681596
0.47368421052631576,0.002427142918845047,0.8249277166086222,9.736842105263158,0.029346601529178784
0.47368421052631576,0.002427142918845047,0.8249277166086222,10.0,0.03156000189857844
0.5263157894736842,0.002427142918845047,0.8249277166086222,5.0,0.0007293441068635387
0.5263157894736842,0.002427142918845047,0.8249277166086222,5.2631578947368425,0.0009920791935793538
0.5263157894736842,0.002427142918845047,0.8249277166086222,5.526315789473684,0.0013116979042475663
0.5263157894736842,0.002427142918845047,0.8249277166086222,5.7894736842105265,0.001692209791436583
0.5263157894736842,0.002427142918845047,0.8249277166086222,6.052631578947368,0.0021368801329675335
0.5263157894736842,0.002427142918845047,0.8249277166086222,6.315789473684211,0.0026482393995135305
0.5263157894736842,0.002427142918845047,0.8249277166086222,6.578947368421053,0.0032281156105036235
0.5263157894736842,0.002427142918845047,0.8249277166086222,6.842105263157895,0.0038776822196435745
0.5263157894736842,0.002427142918845047,0.8249277166086222,7.105263157894736,0.004597515541589159
0.5263157894736842,0.002427142918845047,0.8249277166086222,7.368421052631579,0.005387657052491224
0.5263157894736842,0.002427142918845047,0.8249277166086222,7.631578947368421,0.006247677068780045
0.5263157894736842,0.002427142918845047,0.8249277166086222,7.894736842105263,0.007176737292275637
0.5263157894736842,0.002427142918845047,0.8249277166086222,8.157894736842106,0.008173650503036645
0.5263157894736842,0.002427142918845047,0.8249277166086222,8.421052631578947,0.009236936300596521
0.5263157894736842,0.002427142918845047,0.8249277166086222,8.68421052631579,0.010364872263742164
0.5263157894736842,0.002427142918845047,0.8249277166086222,8.947368421052632,0.011555540244977179
0.5263157894736842,0.002427142918845047,0.8249277166086222,9.210526315789473,0.012806867763042518
0.5263157894736842,0.002427142918845047,0.8249277166086222,9.473684210526315,0.014116664627121245
0.5263157894736842,0.002427142918845047,0.8249277166086222,9.736842105263158,0.015482655037908688
0.5263157894736842,0.002427142918845047,0.8249277166086222,10.0,0.016902505478461394
0.5789473684210527,0.002427142918845047,0.8249277166086222,5.0,0.00020229402703275667
0.5789473684210527,0.002427142918845047,0.8249277166086222,5.2631578947368425,0.0002922891959972196
0.5789473684210527,0.002427142918845047,0.8249277166086222,5.526315789473684,0.0004081628961952743
0.5789473684210527,0.002427142918845047,0.8249277166086222,5.7894736842105265,0.0005534045760685613
0.5789473684210527,0.002427142918845047,0.8249277166086222,6.052631578947368,0.0007312947557975846
0.5789473684210527,0.002427142918845047,0.8249277166086222,6.315789473684211,0.0009448459619241234
0.5789473684210527,0.002427142918845047,0.8249277166086222,6.578947368421053,0.0011967614933335868
0.5789473684210527,0.002427142918845047,0.8249277166086222,6.842105263157895,0.001489410068152841
0.5789473684210527,0.002427142918845047,0.8249277166086222,7.105263157894736,0.001824813964158456
0.5789473684210527,0.002427142918845047,0.8249277166086222,7.368421052631579,0.0022046481628617
0.5789473684210527,0.002427142918845047,0.8249277166086222,7.631578947368421,0.0026302481179876214
0.5789473684210527,0.002427142918845047,0.8249277166086222,7.894736842105263,0.003102624000981602
0.5789473684210527,0.002427142918845047,0.8249277166086222,8.157894736842106,0.0036224795648760466
0.5789473684210527,0.002427142918845047,0.8249277166086222,8.421052631578947,0.004190234070625021
0.5789473684210527,0.002427142918845047,0.8249277166086222,8.68421052631579,0.004806046010576659
0.5789473684210527,0.002427142918845047,0.8249277166086222,8.947368421052632,0.005469837627525065
0.5789473684210527,0.002427142918845047,0.8249277166086222,9.210526315789473,0.006181319458043344
0.5789473684210527,0.002427142918845047,0.8249277166086222,9.473684210526315,0.006940014323933096
0.5789473684210527,0.002427142918845047,0.8249277166086222,9.736842105263158,0.007745280357003614
0.5789473684210527,0.002427142918845047,0.8249277166086222,10.0,0.008596332773091353
0.631578947368421,0.002427142918845047,0.8249277166086222,5.0,5.0356803582118914e-05
0.631578947368421,0.002427142918845047,0.8249277166086222,5.2631578947368425,7.772258856098001e-05
0.631578947368421,0.002427142918845047,0.8249277166086222,5.526315789473684,0.00011521524427726693
0.631578947368421,0.002427142918845047,0.8249277166086222,5.7894736842105265,0.00016493540140927188
0.631578947368421,0.002427142918845047,0.8249277166086222,6.052631578947368,0.00022904297245351923
0.631578947368421,0.002427142918845047,0.8249277166086222,6.315789473684211,0.0003097080348922754
0.631578947368421,0.002427142918845047,0.8249277166086222,6.578947368421053,0.00040906632193404846
0.631578947368421,0.002427142918845047,0.8249277166086222,6.842105263157895,0.0005291806702832913
0.631578947368421,0.002427142918845047,0.8249277166086222,7.105263157894736,0.0006720090577383431
0.631578947368421,0.002427142918845047,0.8249277166086222,7.368421052631579,0.0008393793190273335
0.631578947368421,0.002427142918845047,0.8249277166086222,7.631578947368421,0.0010329702450555533
0.631578947368421,0.002427142918845047,0.8249277166086222,7.894736842105263,0.0012542985243366722
0.631578947368421,0.002427142918845047,0.8249277166086222,8.157894736842106,0.0015047108473126292
0.631578947368421,0.002427142918845047,0.8249277166086222,8.421052631578947,0.0017853804370767667
0.631578947368421,0.002427142918845047,0.8249277166086222,8.68421052631579,0.002097307269845583
0.631578947368421,0.002427142918845047,0.8249277166086222,8.947368421052632,0.0024413212859906164
0.631578947368421,0.002427142918845047,0.8249277166086222,9.210526315789473,0.0028180879526116254
0.631578947368421,0.002427142918845047,0.8249277166086222,9.473684210526315,0.0032281156105036235
0.631578947368421,0.002427142918845047,0.8249277166086222,9.736842105263158,0.0036717641141759128
0.631578947368421,0.002427142918845047,0.8249277166086222,10.0,0.004149254348147724
0.6842105263157894,0.002427142918845047,0.8249277166086222,5.0,1.124185853962345e-05
0.6842105263157894,0.002427142918845047,0.8249277166086222,5.2631578947368425,1.863964511006344e-05
0.6842105263157894,0.002427142918845047,0.8249277166086222,5.526315789473684,2.9482075190490065e-05
0.6842105263157894,0.002427142918845047,0.8249277166086222,5.7894736842105265,4.476817697229851e-05
0.6842105263157894,0.002427142918845047,0.8249277166086222,6.052631578947368,6.560879378159079e-05
0.6842105263157894,0.002427142918845047,0.8249277166086222,6.315789473684211,9.320651568411886e-05
0.6842105263157894,0.002427142918845047,0.8249277166086222,6.578947368421053,0.00012883329816826272
0.6842105263157894,0.002427142918845047,0.8249277166086222,6.842105263157895,0.00017380720292459184
0.6842105263157894,0.002427142918845047,0.8249277166086222,7.105263157894736,0.00022946945242963146
0.6842105263157894,0.002427142918845047,0.8249277166086222,7.368421052631579,0.00029716271729107735
0.6842105263157894,0.002427142918845047,0.8249277166086222,7.631578947368421,0.00037821128925075165
0.6842105263157894,0.002427142918845047,0.8249277166086222,7.894736842105263,0.00047390355490117836
0.6842105263157894,0.002427142918845047,0.8249277166086222,8.157894736842106,0.0005854769859954256
0.6842105263157894,0.002427142918845047,0.8249277166086222,8.421052631578947,0.0007141057044980359
0.6842105263157894,0.002427142918845047,0.8249277166086222,8.68421052631579,0.0008608905622397023
0.6842105263157894,0.002427142918845047,0.8249277166086222,8.947368421052632,0.0010268515916016518
0.6842105263157894,0.002427142918845047,0.8249277166086222,9.210526315789473,0.0012129226293632334
0.6842105263157894,0.002427142918845047,0.8249277166086222,9.473684210526315,0.0014199478848657685
0.6842105263157894,0.002427142918845047,0.8249277166086222,9.736842105263158,0.0016486802105477596
0.6842105263157894,0.002427142918845047,0.8249277166086222,10.0,0.0018997808329673793
0.7368421052631579,0.002427142918845047,0.8249277166086222,5.0,2.249343030058526e-06
0.7368421052631579,0.002427142918845047,0.8249277166086222,5.2631578947368425,4.029232260838178e-06
0.7368421052631579,0.002427142918845047,0.8249277166086222,5.526315789473684,6.8347344727159864e-06
0.7368421052631579,0.002427142918845047,0.8249277166086222,5.7894736842105265,1.1060082083735878e-05
0.7368421052631579,0.002427142918845047,0.8249277166086222,6.052631578947368,1.717836154047081e-05
0.7368421052631579,0.002427142918845047,0.8249277166086222,6.315789473684211,2.573956914586617e-05
0.7368421052631579,0.002427142918845047,0.8249277166086222,6.578947368421053,3.7365802598388065e-05
0.7368421052631579,0.002427142918845047,0.8249277166086222,6.842105263157895,5.274407449129548e-05
0.7368421052631579,0.002427142918845047,0.8249277166086222,7.105263157894736,7.261731314200937e-05
0.7368421052631579,0.002427142918845047,0.8249277166086222,7.368421052631579,9.777412998823731e-05
0.7368421052631579,0.002427142918845047,0.8249277166086222,7.631578947368421,0.0001290378993535901
0.7368421052631579,0.002427142918845047,0.8249277166086222,7.894736842105263,0.0001672556327374508
0.7368421052631579,0.002427142918845047,0.8249277166086222,8.157894736842106,0.0002132870502649098
0.7368421052631579,0.002427142918845047,0.8249277166086222,8.421052631578947,0.00026799416745459936
0.7368421052631579,0.002427142918845047,0.8249277166086222,8.68421052631579,0.00033223163365736497
0.7368421052631579,0.002427142918845047,0.8249277166086222,8.947368421052632,0.00040683798417284756
0.7368421052631579,0.002427142918845047,0.8249277166086222,9.210526315789473,0.0004926279037285042
0.7368421052631579,0.002427142918845047,0.8249277166086222,9.473684210526315,0.0005903855456779183
0.7368421052631579,0.002427142918845047,0.8249277166086222,9.736842105263158,0.0007008589087849071
0.7368421052631579,0.002427142918845047,0.8249277166086222,10.0,0.0008247552410041159
0.7894736842105263,0.002427142918845047,0.8249277166086222,5.0,4.0316773797233196e-07
0.7894736842105263,0.002427142918845047,0.8249277166086222,5.2631578947368425,7.846580687420612e-07
0.7894736842105263,0.002427142918845047,0.8249277166086222,5.526315789473684,1.4347759532684634e-06
0.7894736842105263,0.002427142918845047,0.8249277166086222,5.7894736842105265,2.485810745023187e-06
0.7894736842105263,0.002427142918845047,0.8249277166086222,6.052631578947368,4.109294359233573e-06
0.7894736842105263,0.002427142918845047,0.8249277166086222,6.315789473684211,6.519472106281121e-06
0.7894736842105263,0.002427142918845047,0.8249277166086222,6.578947368421053,9.975412550100593e-06
0.7894736842105263,0.002427142918845047,0.8249277166086222,6.842105263157895,1.4781678407072008e-05
0.7894736842105263,0.002427142918845047,0.8249277166086222,7.105263157894736,2.128758796349217e-05
0.7894736842105263,0.002427142918845047,0.8249277166086222,7.368421052631579,2.9885181141553474e-05
0.7894736842105263,0.002427142918845047,0.8249277166086222,7.631578947368421,4.1006063489668065e-05
0.7894736842105263,0.002427142918845047,0.8249277166086222,7.894736842105263,5.5117336121401905e-05
0.7894736842105263,0.002427142918845047,0.8249277166086222,8.157894736842106,7.271683341980584e-05
0.7894736842105263,0.002427142918845047,0.8249277166086222,8.421052631578947,9.432788758090282e-05
0.7894736842105263,0.002427142918845047,0.8249277166086222,8.68421052631579,0.00012049382439649481
0.7894736842105263,0.002427142918845047,0.8249277166086222,8.947368421052632,0.00015177237224828222
0.7894736842105263,0.002427142918845047,0.8249277166086222,9.210526315789473,0.00018873013961007157
0.7894736842105263,0.002427142918845047,0.8249277166086222,9.473684210526315,0.00023193728818282633
0.7894736842105263,0.002427142918845047,0.8249277166086222,9.736842105263158,0.00028196250110623655
0.7894736842105263,0.002427142918845047,0.8249277166086222,10.0,0.00033936831987324556
0.8421052631578947,0.002427142918845047,0.8249277166086222,5.0,6.470493363330831e-08
0.8421052631578947,0.002427142918845047,0.8249277166086222,5.2631578947368425,1.3760189887523921e-07
0.8421052631578947,0.002427142918845047,0.8249277166086222,5.526315789473684,2.726220312831984e-07
0.8421052631578947,0.002427142918845047,0.8249277166086222,5.7894736842105265,5.080625965492302e-07
0.8421052631578947,0.002427142918845047,0.8249277166086222,6.052631578947368,8.977187244685325e-07
0.8421052631578947,0.002427142918845047,0.8249277166086222,6.315789473684211,1.513924978713277e-06
0.8421052631578947,0.002427142918845047,0.8249277166086222,6.578947368421053,2.4503335575021268e-06
0.8421052631578947,0.002427142918845047,0.8249277166086222,6.842105263157895,3.8242666053900365e-06
0.8421052631578947,0.002427142918845047,0.8249277166086222,7.105263157894736,5.7785190138437414e-06
0.8421052631578947,0.002427142918845047,0.8249277166086222,7.368421052631579,8.482532377285246e-06
0.8421052631578947,0.002427142918845047,0.8249277166086222,7.631578947368421,1.2132904723904934e-05
0.8421052631578947,0.002427142918845047,0.8249277166086222,7.894736842105263,1.6953240155159754e-05
0.8421052631578947,0.002427142918845047,0.8249277166086222,8.157894736842106,2.319337513134734e-05
0.8421052631578947,0.002427142918845047,0.8249277166086222,8.421052631578947,3.112804275995362e-05
0.8421052631578947,0.002427142918845047,0.8249277166086222,8.68421052631579,4.105505307905321e-05
0.8421052631578947,0.002427142918845047,0.8249277166086222,8.947368421052632,5.3293076681670826e-05
0.8421052631578947,0.002427142918845047,0.8249277166086222,9.210526315789473,6.817912221146472e-05
0.8421052631578947,0.002427142918845047,0.8249277166086222,9.473684210526315,8.606579653702706e-05
0.8421052631578947,0.002427142918845047,0.8249277166086222,9.736842105263158,0.00010731843106359662
0.8421052631578947,0.002427142918845047,0.8249277166086222,10.0,0.00013231214980724548
0.894736842105263,0.002427142918845047,0.8249277166086222,5.0,9.29495891366372e-09
0.894736842105263,0.002427142918845047,0.8249277166086222,5.2631578947368425,2.1721696774612553e-08
0.894736842105263,0.002427142918845047,0.8249277166086222,5.526315789473684,4.686992238767118e-08
0.894736842105263,0.002427142918845047,0.8249277166086222,5.7894736842105265,9.439527981491835e-08
0.894736842105263,0.002427142918845047,0.8249277166086222,6.052631578947368,1.7903899718341165e-07
0.894736842105263,0.002427142918845047,0.8249277166086222,6.315789473684211,3.2220044721142926e-07
0.894736842105263,0.002427142918845047,0.8249277166086222,6.578947368421053,5.536160428976089e-07
0.894736842105263,0.002427142918845047,0.8249277166086222,6.842105263157895,9.130622826702961e-07
0.894736842105263,0.002427142918845047,0.8249277166086222,7.105263157894736,1.4519980990890247e-06
0.894736842105263,0.002427142918845047,0.8249277166086222,7.368421052631579,2.235066806077768e-06
0.894736842105263,0.002427142918845047,0.8249277166086222,7.631578947368421,3.341389084199342e-06
0.894736842105263,0.002427142918845047,0.8249277166086222,7.894736842105263,4.86559348467086e-06
0.894736842105263,0.002427142918845047,0.8249277166086222,8.157894736842106,6.918547796219698e-06
0.894736842105263,0.002427142918845047,0.8249277166086222,8.421052631578947,9.627771577536137e-06
0.894736842105263,0.002427142918845047,0.8249277166086222,8.68421052631579,1.3137525864514998e-05
0.894736842105263,0.002427142918845047,0.8249277166086222,8.947368421052632,1.7608589660489393e-05
0.894736842105263,0.002427142918845047,0.8249277166086222,9.210526315789473,2.321774381797148e-05
0.894736842105263,0.002427142918845047,0.8249277166086222,9.473684210526315,3.0156991180918524e-05
0.894736842105263,0.002427142918845047,0.8249277166086222,9.736842105263158,3.863254747082934e-05
0.894736842105263,0.002427142918845047,0.8249277166086222,10.0,4.886364061151838e-05
0.9473684210526315,0.002427142918845047,0.8249277166086222,5.0,1.1947466349582216e-09
0.9473684210526315,0.002427142918845047,0.8249277166086222,5.2631578947368425,3.085675603919924e-09
0.9473684210526315,0.002427142918845047,0.8249277166086222,5.526315789473684,7.288661452165002e-09
0.9473684210526315,0.002427142918845047,0.8249277166086222,5.7894736842105265,1.593796916665724e-08
0.9473684210526315,0.002427142918845047,0.8249277166086222,6.052631578947368,3.258794234461959e-08
0.9473684210526315,0.002427142918845047,0.8249277166086222,6.315789473684211,6.282713160832287e-08
0.9473684210526315,0.002427142918845047,0.8249277166086222,6.578947368421053,1.1501446484096789e-07
0.9473684210526315,0.002427142918845047,0.8249277166086222,6.842105263157895,2.0111914855736043e-07
0.9473684210526315,0.002427142918845047,0.8249277166086222,7.105263157894736,3.376366540797094e-07
0.9473684210526315,0.002427142918845047,0.8249277166086222,7.368421052631579,5.465464896214911e-07
0.9473684210526315,0.002427142918845047,0.8249277166086222,7.631578947368421,8.562739547413045e-07
0.9473684210526315,0.002427142918845047,0.8249277166086222,7.894736842105263,1.3026176800545741e-06
0.9473684210526315,0.002427142918845047,0.8249277166086222,8.157894736842106,1.9296070981056346e-06
0.9473684210526315,0.002427142918845047,0.8249277166086222,8.421052631578947,2.7902584700534305e-06
0.9473684210526315,0.002427142918845047,0.8249277166086222,8.68421052631579,3.947204013199368e-06
0.9473684210526315,0.002427142918845047,0.8249277166086222,8.947368421052632,5.473175383685636e-06
0.9473684210526315,0.002427142918845047,0.8249277166086222,9.210526315789473,7.451329656404937e-06
0.9473684210526315,0.002427142918845047,0.8249277166086222,9.473684210526315,9.975412550100593e-06
0.9473684210526315,0.002427142918845047,0.8249277166086222,9.736842105263158,1.3149759626629454e-05
0.9473684210526315,0.002427142918845047,0.8249277166086222,10.0,1.7089141323034518e-05
1.0,0.002427142918845047,0.8249277166086222,5.0,1.373730018627839e-10
1.0,0.002427142918845047,0.8249277166086222,5.2631578947368425,3.943432247410783e-10
1.0,0.002427142918845047,0.8249277166086222,5.526315789473684,1.0249521231742165e-09
1.0,0.002427142918845047,0.8249277166086222,5.7894736842105265,2.4448310043112542e-09
1.0,0.002427142918845047,0.8249277166086222,6.052631578947368,5.411942782806989e-09
1.0,0.002427142918845047,0.8249277166086222,6.315789473684211,1.1221582107978634e-08
1.0,0.002427142918845047,0.8249277166086222,6.578947368421053,2.1965670948809194e-08
1.0,0.002427142918845047,0.8249277166086222,6.842105263157895,4.085982296953005e-08
1.0,0.002427142918845047,0.8249277166086222,7.105263157894736,7.263698054149614e-08
1.0,0.002427142918845047,0.8249277166086222,7.368421052631579,1.2400159321579451e-07
1.0,0.002427142918845047,0.8249277166086222,7.631578947368421,2.041338703628881e-07
1.0,0.002427142918845047,0.8249277166086222,7.894736842105263,3.252300345701898e-07
1.0,0.002427142918845047,0.8249277166086222,8.157894736842106,5.030619875112663e-07
1.0,0.002427142918845047,0.8249277166086222,8.421052631578947,7.57538507922817e-07
1.0,0.002427142918845047,0.8249277166086222,8.68421052631579,1.1132499752042335e-06
1.0,0.002427142918845047,0.8249277166086222,8.947368421052632,1.5999795432986021e-06
1.0,0.002427142918845047,0.8249277166086222,9.210526315789473,2.253165448884431e-06
1.0,0.002427142918845047,0.8249277166086222,9.473684210526315,3.1143015145618236e-06
1.0,0.002427142918845047,0.8249277166086222,9.736842105263158,4.2312656512999425e-06
1.0,0.002427142918845047,0.8249277166086222,10.0,5.6585690705324154e-06
0.0,0.006847410703640146,0.6963171472017751,5.0,1.0
0.0,0.006847410703640146,0.6963171472017751,5.2631578947368425,1.0
0.0,0.006847410703640146,0.6963171472017751,5.526315789473684,1.0
0.0,0.006847410703640146,0.6963171472017751,5.7894736842105265,1.0
0.0,0.006847410703640146,0.6963171472017751,6.052631578947368,1.0
0.0,0.006847410703640146,0.6963171472017751,6.315789473684211,1.0
0.0,0.006847410703640146,0.6963171472017751,6.578947368421053,1.0
0.0,0.006847410703640146,0.6963171472017751,6.842105263157895,1.0
0.0,0.006847410703640146,0.6963171472017751,7.105263157894736,1.0
0.0,0.006847410703640146,0.6963171472017751,7.368421052631579,1.0
0.0,0.006847410703640146,0.6963171472017751,7.631578947368421,1.0
0.0,0.006847410703640146,0.6963171472017751,7.894736842105263,1.0
0.0,0.006847410703640146,0.6963171472017751,8.157894736842106,1.0
0.0,0.006847410703640146,0.6963171472017751,8.421052631578947,1.0
0.0,0.006847410703640146,0.6963171472017751,8.68421052631579,1.0
0.0,0.006847410703640146,0.6963171472017751,8.947368421052632,1.0
0.0,0.006847410703640146,0.6963171472017751,9.210526315789473,1.0
0.0,0.006847410703640146,0.6963171472017751,9.473684210526315,1.0
0.0,0.006847410703640146,0.6963171472017751,9.736842105263158,1.0
0.0,0.006847410703640146,0.6963171472017751,10.0,1.0
0.05263157894736842,0.006847410703640146,0.6963171472017751,5.0,0.8405946227761422
0.05263157894736842,0.006847410703640146,0.6963171472017751,5.2631578947368425,0.8445787451541021
0.05263157894736842,0.006847410703640146,0.6963171472017751,5.526315789473684,0.8482783469219669
0.05263157894736842,0.006847410703640146,0.6963171472017751,5.7894736842105265,0.8517257544404461
0.05263157894736842,0.006847410703640146,0.6963171472017751,6.052631578947368,0.8549483755197614
0.05263157894736842,0.006847410703640146,0.6963171472017751,6.315789473684211,0.8579696215470481
0.05263157894736842,0.006847410703640146,0.6963171472017751,6.578947368421053,0.8608096267628763
0.05263157894736842,0.006847410703640146,0.6963171472017751,6.842105263157895,0.8634858153964228
0.05263157894736842,0.006847410703640146,0.6963171472017751,7.105263157894736,0.8660133532834572
0.05263157894736842,0.006847410703640146,0.6963171472017751,7.368421052631579,0.8684055107817483
0.05263157894736842,0.006847410703640146,0.6963171472017751,7.631578947368421,0.8706739568640537
0.05263157894736842,0.006847410703640146,0.6963171472017751,7.894736842105263,0.8728289992990951
0.05263157894736842,0.006847410703640146,0.6963171472017751,8.157894736842106,0.8748797822237837
0.05263157894736842,0.006847410703640146,0.6963171472017751,8.421052631578947,0.8768344497609197
0.05263157894736842,0.006847410703640146,0.6963171472017751,8.68421052631579,0.8787002823698504
0.05263157894736842,0.006847410703640146,0.6963171472017751,8.947368421052632,0.8804838111424825
0.05263157894736842,0.006847410703640146,0.6963171472017751,9.210526315789473,0.8821909141401838
0.05263157894736842,0.006847410703640146,0.6963171472017751,9.473684210526315,0.8838268980139268
0.05263157894736842,0.006847410703640146,0.6963171472017751,9.736842105263158,0.8853965674928397
0.05263157894736842,0.006847410703640146,0.6963171472017751,10.0,0.8869042848161393
0.10526315789473684,0.006847410703640146,0.6963171472017751,5.0,0.6874883565760925
0.10526315789473684,0.006847410703640146,0.6963171472017751,5.2631578947368425,0.6949988916481835
0.10526315789473684,0.006847410703640146,0.6963171472017751,5.526315789473684,0.701993246841063
0.10526315789473684,0.006847410703640146,0.6963171472017751,5.7894736842105265,0.7085279064311452
0.10526315789473684,0.006847410703640146,0.6963171472017751,6.052631578947368,0.7146510716448702
0.10526315789473684,0.006847410703640146,0.6963171472017751,6.315789473684211,0.7204041582522565
0.10526315789473684,0.006847410703640146,0.6963171472017751,6.578947368421053,0.7258229762761873
0.10526315789473684,0.006847410703640146,0.6963171472017751,6.842105263157895,0.7309386685331679
0.10526315789473684,0.006847410703640146,0.6963171472017751,7.105263157894736,0.7357784641407821
0.10526315789473684,0.006847410703640146,0.6963171472017751,7.368421052631579,0.7403662885828411
0.10526315789473684,0.006847410703640146,0.6963171472017751,7.631578947368421,0.7447232615040237
0.10526315789473684,0.006847410703640146,0.6963171472017751,7.894736842105263,0.7488681058472797
0.10526315789473684,0.006847410703640146,0.6963171472017751,8.157894736842106,0.7528174863995656
0.10526315789473684,0.006847410703640146,0.6963171472017751,8.421052631578947,0.75658629169528
0.10526315789473684,0.006847410703640146,0.6963171472017751,8.68421052631579,0.7601878701415756
0.10526315789473684,0.006847410703640146,0.6963171472017751,8.947368421052632,0.7636342288953504
0.10526315789473684,0.006847410703640146,0.6963171472017751,9.210526315789473,0.7669362022397379
0.10526315789473684,0.006847410703640146,0.6963171472017751,9.473684210526315,0.7701035948362188
0.10526315789473684,0.006847410703640146,0.6963171472017751,9.736842105263158,0.7731453041643531
0.10526315789473684,0.006847410703640146,0.6963171472017751,10.0,0.7760694256294838
0.15789473684210525,0.006847410703640146,0.6963171472017751,5.0,0.5462433991450457
0.15789473684210525,0.006847410703640146,0.6963171472017751,5.2631578947368425,0.5564514595847716
0.15789473684210525,0.006847410703640146,0.6963171472017751,5.526315789473684,0.5660038206638572
0.15789473684210525,0.006847410703640146,0.6963171472017751,5.7894736842105265,0.5749674105223563
0.15789473684210525,0.006847410703640146,0.6963171472017751,6.052631578947368,0.583400024468087
0.15789473684210525,0.006847410703640146,0.6963171472017751,6.315789473684211,0.5913518570619825
0.15789473684210525,0.006847410703640146,0.6963171472017751,6.578947368421053,0.5988667335135806
0.15789473684210525,0.006847410703640146,0.6963171472017751,6.842105263157895,0.605983107202718
0.15789473684210525,0.006847410703640146,0.6963171472017751,7.105263157894736,0.6127348737217571
0.15789473684210525,0.006847410703640146,0.6963171472017751,7.368421052631579,0.6191520397968667
0.15789473684210525,0.006847410703640146,0.6963171472017751,7.631578947368421,0.6252612765418237
0.15789473684210525,0.006847410703640146,0.6963171472017751,7.894736842105263,0.6310863798486994
0.15789473684210525,0.006847410703640146,0.6963171472017751,8.157894736842106,0.6366486557114749
0.15789473684210525,0.006847410703640146,0.6963171472017751,8.421052631578947,0.6419672444744722
0.15789473684210525,0.006847410703640146,0.6963171472017751,8.68421052631579,0.6470593950847944
0.15789473684210525,0.006847410703640146,0.6963171472017751,8.947368421052632,0.6519406981808018
0.15789473684210525,0.006847410703640146,0.6963171472017751,9.210526315789473,0.656625285102322
0.15789473684210525,0.006847410703640146,0.6963171472017751,9.473684210526315,0.6611259985417951
0.15789473684210525,0.006847410703640146,0.6963171472017751,9.736842105263158,0.6654545394792155
0.15789473684210525,0.006847410703640146,0.6963171472017751,10.0,0.6696215941906303
0.21052631578947367,0.006847410703640146,0.6963171472017751,5.0,0.42108992554775426
0.21052631578947367,0.006847410703640146,0.6963171472017751,5.2631578947368425,0.4329458946103968
0.21052631578947367,0.006847410703640146,0.6963171472017751,5.526315789473684,0.4441153305882156
0.21052631578947367,0.006847410703640146,0.6963171472017751,5.7894736842105265,0.45466057410551075
0.21052631578947367,0.006847410703640146,0.6963171472017751,6.052631578947368,0.4646365365620201
0.21052631578947367,0.006847410703640146,0.6963171472017751,6.315789473684211,0.47409175969867995
0.21052631578947367,0.006847410703640146,0.6963171472017751,6.578947368421053,0.4830693055546863
0.21052631578947367,0.006847410703640146,0.6963171472017751,6.842105263157895,0.4916075054620454
0.21052631578947367,0.006847410703640146,0.6963171472017751,7.105263157894736,0.4997405920798176
0.21052631578947367,0.006847410703640146,0.6963171472017751,7.368421052631579,0.5074992343638054
0.21052631578947367,0.006847410703640146,0.6963171472017751,7.631578947368421,0.5149109918701045
0.21052631578947367,0.006847410703640146,0.6963171472017751,7.894736842105263,0.522000701874231
0.21052631578947367,0.006847410703640146,0.6963171472017751,8.157894736842106,0.5287908103839778
0.21052631578947367,0.006847410703640146,0.6963171472017751,8.421052631578947,0.5353016561566013
0.21052631578947367,0.006847410703640146,0.6963171472017751,8.68421052631579,0.5415517152256407
0.21052631578947367,0.006847410703640146,0.6963171472017751,8.947368421052632,0.5475578121344676
0.21052631578947367,0.006847410703640146,0.6963171472017751,9.210526315789473,0.5533353030072576
0.21052631578947367,0.006847410703640146,0.6963171472017751,9.473684210526315,0.5588982347177054
0.21052631578947367,0.006847410703640146,0.6963171472017751,9.736842105263158,0.5642594837040606
0.21052631578947367,0.006847410703640146,0.6963171472017751,10.0,0.5694308773956508
0.2631578947368421,0.006847410703640146,0.6963171472017751,5.0,0.31457687973421666
0.2631578947368421,0.006847410703640146,0.6963171472017751,5.2631578947368425,0.32698704902502684
0.2631578947368421,0.006847410703640146,0.6963171472017751,5.526315789473684,0.3387803204177269
0.2631578947368421,0.006847410703640146,0.6963171472017751,5.7894736842105265,0.3500023582710313
0.2631578947368421,0.006847410703640146,0.6963171472017751,6.052631578947368,0.3606948375308189
0.2631578947368421,0.006847410703640146,0.6963171472017751,6.315789473684211,0.37089575207014525
0.2631578947368421,0.006847410703640146,0.6963171472017751,6.578947368421053,0.38063973132375384
0.2631578947368421,0.006847410703640146,0.6963171472017751,6.842105263157895,0.38995834830879633
0.2631578947368421,0.006847410703640146,0.6963171472017751,7.105263157894736,0.39888040998815877
0.2631578947368421,0.006847410703640146,0.6963171472017751,7.368421052631579,0.40743222568506915
0.2631578947368421,0.006847410703640146,0.6963171472017751,7.631578947368421,0.41563785209101595
0.2631578947368421,0.006847410703640146,0.6963171472017751,7.894736842105263,0.42351931505658474
0.2631578947368421,0.006847410703640146,0.6963171472017751,8.157894736842106,0.43109680927043575
0.2631578947368421,0.006847410703640146,0.6963171472017751,8.421052631578947,0.43838887739794485
0.2631578947368421,0.006847410703640146,0.6963171472017751,8.68421052631579,0.445412570444669
0.2631578947368421,0.006847410703640146,0.6963171472017751,8.947368421052632,0.45218359114145174
0.2631578947368421,0.006847410703640146,0.6963171472017751,9.210526315789473,0.4587164220868306
0.2631578947368421,0.006847410703640146,0.6963171472017751,9.473684210526315,0.46502444027150647
0.2631578947368421,0.006847410703640146,0.6963171472017751,9.736842105263158,0.47112001947552284
0.2631578947368421,0.006847410703640146,0.6963171472017751,10.0,0.47701462188750476
0.3157894736842105,0.006847410703640146,0.6963171472017751,5.0,0.22751007601887374
0.3157894736842105,0.006847410703640146,0.6963171472017751,5.2631578947368425,0.23949863912320124
0.3157894736842105,0.006847410703640146,0.6963171472017751,5.526315789473684,0.2510125131201557
0.3157894736842105,0.006847410703640146,0.6963171472017751,5.7894736842105265,0.2620743852462847
0.3157894736842105,0.006847410703640146,0.6963171472017751,6.052631578947368,0.2727068544548279
0.3157894736842105,0.006847410703640146,0.6963171472017751,6.315789473684211,0.2829320144648976
0.3157894736842105,0.006847410703640146,0.6963171472017751,6.578947368421053,0.2927711911375319
0.3157894736842105,0.006847410703640146,0.6963171472017751,6.842105263157895,0.3022447861174472
0.3157894736842105,0.006847410703640146,0.6963171472017751,7.105263157894736,0.31137219337878574
0.3157894736842105,0.006847410703640146,0.6963171472017751,7.368421052631579,0.32017176543041737
0.3157894736842105,0.006847410703640146,0.6963171472017751,7.631578947368421,0.3286608129420342
0.3157894736842105,0.006847410703640146,0.6963171472017751,7.894736842105263,0.33685562643059597
0.3157894736842105,0.006847410703640146,0.6963171472017751,8.157894736842106,0.344771512060688
0.3157894736842105,0.006847410703640146,0.6963171472017751,8.421052631578947,0.3524228360119519
0.3157894736842105,0.006847410703640146,0.6963171472017751,8.68421052631579,0.3598230735593253
0.3157894736842105,0.006847410703640146,0.6963171472017751,8.947368421052632,0.36698486020884663
0.3157894736842105,0.006847410703640146,0.6963171472017751,9.210526315789473,0.37392004307966975
0.3157894736842105,0.006847410703640146,0.6963171472017751,9.473684210526315,0.38063973132375384
0.3157894736842105,0.006847410703640146,0.6963171472017751,9.736842105263158,0.3871543447999506
0.3157894736842105,0.006847410703640146,0.6963171472017751,10.0,0.39347366051934585
0.3684210526315789,0.006847410703640146,0.6963171472017751,5.0,0.1591516187726466
0.3684210526315789,0.006847410703640146,0.6963171472017751,5.2631578947368425,0.16997597543332787
0.3684210526315789,0.006847410703640146,0.6963171472017751,5.526315789473684,0.18050259897872234
0.3684210526315789,0.006847410703640146,0.6963171472017751,5.7894736842105265,0.19073136606783123
0.3684210526315789,0.006847410703640146,0.6963171472017751,6.052631578947368,0.2006652171625346
0.3684210526315789,0.006847410703640146,0.6963171472017751,6.315789473684211,0.21030928511237237
0.3684210526315789,0.006847410703640146,0.6963171472017751,6.578947368421053,0.2196702398915682
0.3684210526315789,0.006847410703640146,0.6963171472017751,6.842105263157895,0.2287557961127656
0.3684210526315789,0.006847410703640146,0.6963171472017751,7.105263157894736,0.23757434338395422
0.3684210526315789,0.006847410703640146,0.6963171472017751,7.368421052631579,0.24613466957493002
0.3684210526315789,0.006847410703640146,0.6963171472017751,7.631578947368421,0.25444575449800777
0.3684210526315789,0.006847410703640146,0.6963171472017751,7.894736842105263,0.2625166170484623
0.3684210526315789,0.006847410703640146,0.6963171472017751,8.157894736842106,0.27035620298717933
0.3684210526315789,0.006847410703640146,0.6963171472017751,8.421052631578947,0.27797330364595085
0.3684210526315789,0.006847410703640146,0.6963171472017751,8.68421052631579,0.28537649816337163
0.3684210526315789,0.006847410703640146,0.6963171472017751,8.947368421052632,0.29257411361399854
0.3684210526315789,0.006847410703640146,0.6963171472017751,9.210526315789473,0.29957419872095403
0.3684210526315789,0.006847410703640146,0.6963171472017751,9.473684210526315,0.30638450784993976
0.3684210526315789,0.006847410703640146,0.6963171472017751,9.736842105263158,0.31301249275027454
0.3684210526315789,0.006847410703640146,0.6963171472017751,10.0,0.3194653000951577
0.42105263157894735,0.006847410703640146,0.6963171472017751,5.0,0.10760244605757519
0.42105263157894735,0.006847410703640146,0.6963171472017751,5.2631578947368425,0.1168062018394551
0.42105263157894735,0.006847410703640146,0.6963171472017751,5.526315789473684,0.12588689765535443
0.42105263157894735,0.006847410703640146,0.6963171472017751,5.7894736842105265,0.13482689240782353
0.42105263157894735,0.006847410703640146,0.6963171472017751,6.052631578947368,0.14361327670913682
0.42105263157894735,0.006847410703640146,0.6963171472017751,6.315789473684211,0.15223691510279136
0.42105263157894735,0.006847410703640146,0.6963171472017751,6.578947368421053,0.16069167517146032
0.42105263157894735,0.006847410703640146,0.6963171472017751,6.842105263157895,0.16897380781493176
0.42105263157894735,0.006847410703640146,0.6963171472017751,7.105263157894736,0.17708144929036806
0.42105263157894735,0.006847410703640146,0.6963171472017751,7.368421052631579,0.1850142211069763
0.42105263157894735,0.006847410703640146,0.6963171472017751,7.631578947368421,0.19277290848823803
0.42105263157894735,0.006847410703640146,0.6963171472017751,7.894736842105263,0.2003592019135292
0.42105263157894735,0.006847410703640146,0.6963171472017751,8.157894736842106,0.20777548933194745
0.42105263157894735,0.006847410703640146,0.6963171472017751,8.421052631578947,0.21502468911935838
0.42105263157894735,0.006847410703640146,0.6963171472017751,8.68421052631579,0.22211011583314666
0.42105263157894735,0.006847410703640146,0.6963171472017751,8.947368421052632,0.22903537240226102
0.42105263157894735,0.006847410703640146,0.6963171472017751,9.210526315789473,0.23580426365214135
0.42105263157894735,0.006847410703640146,0.6963171472017751,9.473684210526315,0.24242072706993525
0.42105263157894735,0.006847410703640146,0.6963171472017751,9.736842105263158,0.24888877751753438
0.42105263157894735,0.006847410703640146,0.6963171472017751,10.0,0.25521246324030544
0.47368421052631576,0.006847410703640146,0.6963171472017751,5.0,0.07026532087698856
0.47368421052631576,0.006847410703640146,0.6963171472017751,5.2631578947368425,0.07767116998128798
0.47368421052631576,0.006847410703640146,0.6963171472017751,5.526315789473684,0.08509844874848327
0.47368421052631576,0.006847410703640146,0.6963171472017751,5.7894736842105265,0.09251988954361479
0.47368421052631576,0.006847410703640146,0.6963171472017751,6.052631578947368,0.09991303203593516
0.47368421052631576,0.006847410703640146,0.6963171472017751,6.315789473684211,0.10725948896186586
0.47368421052631576,0.006847410703640146,0.6963171472017751,6.578947368421053,0.11454431078434935
0.47368421052631576,0.006847410703640146,0.6963171472017751,6.842105263157895,0.12175544128128292
0.47368421052631576,0.006847410703640146,0.6963171472017751,7.105263157894736,0.12888325413562796
0.47368421052631576,0.006847410703640146,0.6963171472017751,7.368421052631579,0.13592016024581732
0.47368421052631576,0.006847410703640146,0.6963171472017751,7.631578947368421,0.14286027596472683
0.47368421052631576,0.006847410703640146,0.6963171472017751,7.894736842105263,0.14969914336365597
0.47368421052631576,0.006847410703640146,0.6963171472017751,8.157894736842106,0.15643349465092005
0.47368421052631576,0.006847410703640146,0.6963171472017751,8.421052631578947,0.16306105391377534
0.47368421052631576,0.006847410703640146,0.6963171472017751,8.68421052631579,0.16958037032612572
0.47368421052631576,0.006847410703640146,0.6963171472017751,8.947368421052632,0.17599067784069722
0.47368421052631576,0.006847410703640146,0.6963171472017751,9.210526315789473,0.18229177715320433
0.47368421052631576,0.006847410703640146,0.6963171472017751,9.473684210526315,0.1884839363895362
0.47368421052631576,0.006847410703640146,0.6963171472017751,9.736842105263158,0.19456780753323522
0.47368421052631576,0.006847410703640146,0.6963171472017751,10.0,0.20054435609007337
0.5263157894736842,0.006847410703640146,0.6963171472017751,5.0,0.04429067089879968
0.5263157894736842,0.006847410703640146,0.6963171472017751,5.2631578947368425,0.04994888760476823
0.5263157894736842,0.006847410703640146,0.6963171472017751,5.526315789473684,0.055728096100501334
0.5263157894736842,0.006847410703640146,0.6963171472017751,5.7894736842105265,0.06159924541063011
0.5263157894736842,0.006847410703640146,0.6963171472017751,6.052631578947368,0.06753698043363665
0.5263157894736842,0.006847410703640146,0.6963171472017751,6.315789473684211,0.07351928666177854
0.5263157894736842,0.006847410703640146,0.6963171472017751,6.578947368421053,0.07952713544344037
0.5263157894736842,0.006847410703640146,0.6963171472017751,6.842105263157895,0.08554414529169352
0.5263157894736842,0.006847410703640146,0.6963171472017751,7.105263157894736,0.09155626756085544
0.5263157894736842,0.006847410703640146,0.6963171472017751,7.368421052631579,0.09755150024259718
0.5263157894736842,0.006847410703640146,0.6963171472017751,7.631578947368421,0.10351963080080051
0.5263157894736842,0.006847410703640146,0.6963171472017751,7.894736842105263,0.10945200727522786
0.5263157894736842,0.006847410703640146,0.6963171472017751,8.157894736842106,0.11534133593749352
0.5263157894736842,0.006847410703640146,0.6963171472017751,8.421052631578947,0.12118150331109723
0.5263157894736842,0.006847410703640146,0.6963171472017751,8.68421052631579,0.1269674201928811
0.5263157894736842,0.006847410703640146,0.6963171472017751,8.947368421052632,0.1326948853194051
0.5263157894736842,0.006847410703640146,0.6963171472017751,9.210526315789473,0.13836046643235678
0.5263157894736842,0.006847410703640146,0.6963171472017751,9.473684210526315,0.1439613966632587
0.5263157894736842,0.006847410703640146,0.6963171472017751,9.736842105263158,0.14949548434848448
0.5263157894736842,0.006847410703640146,0.6963171472017751,10.0,0.1549610345818524
0.5789473684210527,0.006847410703640146,0.6963171472017751,5.0,0.026934732573983378
0.5789473684210527,0.006847410703640146,0.6963171472017751,5.2631578947368425,0.031049200489462362
0.5789473684210527,0.006847410703640146,0.6963171472017751,5.526315789473684,0.03533733815677842
0.5789473684210527,0.006847410703640146,0.6963171472017751,5.7894736842105265,0.03977419111916625
0.5789473684210527,0.006847410703640146,0.6963171472017751,6.052631578947368,0.044336850075038625
0.5789473684210527,0.006847410703640146,0.6963171472017751,6.315789473684211,0.049004463429957124
0.5789473684210527,0.006847410703640146,0.6963171472017751,6.578947368421053,0.053758181076130056
0.5789473684210527,0.006847410703640146,0.6963171472017751,6.842105263157895,0.05858105547781434
0.5789473684210527,0.006847410703640146,0.6963171472017751,7.105263157894736,0.06345791836564352
0.5789473684210527,0.006847410703640146,0.6963171472017751,7.368421052631579,0.0683752456481872
0.5789473684210527,0.006847410703640146,0.6963171472017751,7.631578947368421,0.07332101903654642
0.5789473684210527,0.006847410703640146,0.6963171472017751,7.894736842105263,0.07828458994366894
0.5789473684210527,0.006847410703640146,0.6963171472017751,8.157894736842106,0.08325654915077285
0.5789473684210527,0.006847410703640146,0.6963171472017751,8.421052631578947,0.08822860429168078
0.5789473684210527,0.006847410703640146,0.6963171472017751,8.68421052631579,0.09319346621585
0.5789473684210527,0.006847410703640146,0.6963171472017751,8.947368421052632,0.09814474462314382
0.5789473684210527,0.006847410703640146,0.6963171472017751,9.210526315789473,0.10307685292390369
0.5789473684210527,0.006847410703640146,0.6963171472017751,9.473684210526315,0.10798492199871534
0.5789473684210527,0.006847410703640146,0.6963171472017751,9.736842105263158,0.11286472236462954
0.5789473684210527,0.006847410703640146,0.6963171472017751,10.0,0.11771259416364575
0.631578947368421,0.006847410703640146,0.6963171472017751,5.0,0.015795995228686577
0.631578947368421,0.006847410703640146,0.6963171472017751,5.2631578947368425,0.01864860592002837
0.631578947368421,0.006847410703640146,0.6963171472017751,5.526315789473684,0.021688057913063385
0.631578947368421,0.006847410703640146,0.6963171472017751,5.7894736842105265,0.024896600391811075
0.631578947368421,0.006847410703640146,0.6963171472017751,6.052631578947368,0.02825694618480168
0.631578947368421,0.006847410703640146,0.6963171472017751,6.315789473684211,0.03175252844141996
0.631578947368421,0.006847410703640146,0.6963171472017751,6.578947368421053,0.03536766455549245
0.631578947368421,0.006847410703640146,0.6963171472017751,6.842105263157895,0.039087650665752594
0.631578947368421,0.006847410703640146,0.6963171472017751,7.105263157894736,0.04289880520599887
0.631578947368421,0.006847410703640146,0.6963171472017751,7.368421052631579,0.046788475853075995
0.631578947368421,0.006847410703640146,0.6963171472017751,7.631578947368421,0.050745020847121514
0.631578947368421,0.006847410703640146,0.6963171472017751,7.894736842105263,0.05475777296766438
0.631578947368421,0.006847410703640146,0.6963171472017751,8.157894736842106,0.058816992341031
0.631578947368421,0.006847410703640146,0.6963171472017751,8.421052631578947,0.06291381262502016
0.631578947368421,0.006847410703640146,0.6963171472017751,8.68421052631579,0.0670401838707333
0.631578947368421,0.006847410703640146,0.6963171472017751,8.947368421052632,0.07118881441717573
0.631578947368421,0.006847410703640146,0.6963171472017751,9.210526315789473,0.0753531134645904
0.631578947368421,0.006847410703640146,0.6963171472017751,9.473684210526315,0.07952713544344037
0.631578947368421,0.006847410703640146,0.6963171472017751,9.736842105263158,0.08370552690491762
0.631578947368421,0.006847410703640146,0.6963171472017751,10.0,0.0878834763725852
0.6842105263157894,0.006847410703640146,0.6963171472017751,5.0,0.0089298466871095
0.6842105263157894,0.006847410703640146,0.6963171472017751,5.2631578947368425,0.010818050271040658
0.6842105263157894,0.006847410703640146,0.6963171472017751,5.526315789473684,0.012878822109623655
0.6842105263157894,0.006847410703640146,0.6963171472017751,5.7894736842105265,0.01510214487747974
0.6842105263157894,0.006847410703640146,0.6963171472017751,6.052631578947368,0.017477339747106524
0.6842105263157894,0.006847410703640146,0.6963171472017751,6.315789473684211,0.019993409547624297
0.6842105263157894,0.006847410703640146,0.6963171472017751,6.578947368421053,0.02263930404019987
0.6842105263157894,0.006847410703640146,0.6963171472017751,6.842105263157895,0.02540412004550552
0.6842105263157894,0.006847410703640146,0.6963171472017751,7.105263157894736,0.028277248287948198
0.6842105263157894,0.006847410703640146,0.6963171472017751,7.368421052631579,0.031248477439960398
0.6842105263157894,0.006847410703640146,0.6963171472017751,7.631578947368421,0.03430806431552347
0.6842105263157894,0.006847410703640146,0.6963171472017751,7.894736842105263,0.037446777670555376
0.6842105263157894,0.006847410703640146,0.6963171472017751,8.157894736842106,0.040655921714824794
0.6842105263157894,0.006847410703640146,0.6963171472017751,8.421052631578947,0.04392734426339728
0.6842105263157894,0.006847410703640146,0.6963171472017751,8.68421052631579,0.047253433460503806
0.6842105263157894,0.006847410703640146,0.6963171472017751,8.947368421052632,0.050627106183579906
0.6842105263157894,0.006847410703640146,0.6963171472017751,9.210526315789473,0.054041790560905856
0.6842105263157894,0.006847410703640146,0.6963171472017751,9.473684210526315,0.0574914044913446
0.6842105263157894,0.006847410703640146,0.6963171472017751,9.736842105263158,0.06097033161824428
0.6842105263157894,0.006847410703640146,0.6963171472017751,10.0,0.06447339586262202
0.7368421052631579,0.006847410703640146,0.6963171472017751,5.0,0.004864667638195597
0.7368421052631579,0.006847410703640146,0.6963171472017751,5.2631578947368425,0.006059170461461648
0.7368421052631579,0.006847410703640146,0.6963171472017751,5.526315789473684,0.007397078154727677
0.7368421052631579,0.006847410703640146,0.6963171472017751,5.7894736842105265,0.008874865629392437
0.7368421052631579,0.006847410703640146,0.6963171472017751,6.052631578947368,0.010487797388085696
0.7368421052631579,0.006847410703640146,0.6963171472017751,6.315789473684211,0.012230230072167614
0.7368421052631579,0.006847410703640146,0.6963171472017751,6.578947368421053,0.014095871789104876
0.7368421052631579,0.006847410703640146,0.6963171472017751,6.842105263157895,0.016077999480547223
0.7368421052631579,0.006847410703640146,0.6963171472017751,7.105263157894736,0.018169637645865877
0.7368421052631579,0.006847410703640146,0.6963171472017751,7.368421052631579,0.02036370270676302
0.7368421052631579,0.006847410703640146,0.6963171472017751,7.631578947368421,0.02265311758778288
0.7368421052631579,0.006847410703640146,0.6963171472017751,7.894736842105263,0.02503090097131888
0.7368421052631579,0.006847410703640146,0.6963171472017751,8.157894736842106,0.027490235347527148
0.7368421052631579,0.006847410703640146,0.6963171472017751,8.421052631578947,0.030024517537258655
0.7368421052631579,0.006847410703640146,0.6963171472017751,8.68421052631579,0.03262739489250244
0.7368421052631579,0.006847410703640146,0.6963171472017751,8.947368421052632,0.0352927899165878
0.7368421052631579,0.006847410703640146,0.6963171472017751,9.210526315789473,0.03801491561865966
0.7368421052631579,0.006847410703640146,0.6963171472017751,9.473684210526315,0.040788283534485825
0.7368421052631579,0.006847410703640146,0.6963171472017751,9.736842105263158,0.043607706011679404
0.7368421052631579,0.006847410703640146,0.6963171472017751,10.0,0.04646829407076914
0.7894736842105263,0.006847410703640146,0.6963171472017751,5.0,0.0025529473079326515
0.7894736842105263,0.006847410703640146,0.6963171472017751,5.2631578947368425,0.0032757496074752313
0.7894736842105263,0.006847410703640146,0.6963171472017751,5.526315789473684,0.0041081741215884815
0.7894736842105263,0.006847410703640146,0.6963171472017751,5.7894736842105265,0.005051140477197458
0.7894736842105263,0.006847410703640146,0.6963171472017751,6.052631578947368,0.006104298514055695
0.7894736842105263,0.006847410703640146,0.6963171472017751,6.315789473684211,0.007266224048259828
0.7894736842105263,0.006847410703640146,0.6963171472017751,6.578947368421053,0.008534606377962328
0.7894736842105263,0.006847410703640146,0.6963171472017751,6.842105263157895,0.0099064212579425
0.7894736842105263,0.006847410703640146,0.6963171472017751,7.105263157894736,0.011378086105244156
0.7894736842105263,0.006847410703640146,0.6963171472017751,7.368421052631579,0.01294559627842018
0.7894736842105263,0.006847410703640146,0.6963171472017751,7.631578947368421,0.014604642630377973
0.7894736842105263,0.006847410703640146,0.6963171472017751,7.894736842105263,0.016350711366511117
0.7894736842105263,0.006847410703640146,0.6963171472017751,8.157894736842106,0.01817916770197281
0.7894736842105263,0.006847410703640146,0.6963171472017751,8.421052631578947,0.02008532502301419
0.7894736842105263,0.006847410703640146,0.6963171472017751,8.68421052631579,0.02206450130400517
0.7894736842105263,0.006847410703640146,0.6963171472017751,8.947368421052632,0.024112064475925402
0.7894736842105263,0.006847410703640146,0.6963171472017751,9.210526315789473,0.026223468326686535
0.7894736842105263,0.006847410703640146,0.6963171472017751,9.473684210526315,0.028394280367715744
0.7894736842105263,0.006847410703640146,0.6963171472017751,9.736842105263158,0.030620202943883457
0.7894736842105263,0.006847410703640146,0.6963171472017751,10.0,0.03289708870719377
0.8421052631578947,0.006847410703640146,0.6963171472017751,5.0,0.0012903062595511772
0.8421052631578947,0.006847410703640146,0.6963171472017751,5.2631578947368425,0.0017089448061432533
0.8421052631578947,0.006847410703640146,0.6963171472017751,5.526315789473684,0.0022056266074775843
0.8421052631578947,0.006847410703640146,0.6963171472017751,5.7894736842105265,0.0027836513964608622
0.8421052631578947,0.006847410703640146,0.6963171472017751,6.052631578947368,0.00344529251240655
0.8421052631578947,0.006847410703640146,0.6963171472017751,6.315789473684211,0.0041918780094896135
0.8421052631578947,0.006847410703640146,0.6963171472017751,6.578947368421053,0.005023886725348592
0.8421052631578947,0.006847410703640146,0.6963171472017751,6.842105263157895,0.0059410507953555625
0.8421052631578947,0.006847410703640146,0.6963171472017751,7.105263157894736,0.00694245850622166
0.8421052631578947,0.006847410703640146,0.6963171472017751,7.368421052631579,0.008026653335618472
0.8421052631578947,0.006847410703640146,0.6963171472017751,7.631578947368421,0.009191726539290013
0.8421052631578947,0.006847410703640146,0.6963171472017751,7.894736842105263,0.010435401779244513
0.8421052631578947,0.006847410703640146,0.6963171472017751,8.157894736842106,0.01175511110395222
0.8421052631578947,0.006847410703640146,0.6963171472017751,8.421052631578947,0.013148062160468377
0.8421052631578947,0.006847410703640146,0.6963171472017751,8.68421052631579,0.014611296897695913
0.8421052631578947,0.006847410703640146,0.6963171472017751,8.947368421052632,0.016141742258314107
0.8421052631578947,0.006847410703640146,0.6963171472017751,9.210526315789473,0.01773625349308483
0.8421052631578947,0.006847410703640146,0.6963171472017751,9.473684210526315,0.019391650795374082
0.8421052631578947,0.006847410703640146,0.6963171472017751,9.736842105263158,0.02110474996853373
0.8421052631578947,0.006847410703640146,0.6963171472017751,10.0,0.022872387821085804
0.894736842105263,0.006847410703640146,0.6963171472017751,5.0,0.0006279168608409602
0.894736842105263,0.006847410703640146,0.6963171472017751,5.2631578947368425,0.0008601305356599198
0.894736842105263,0.006847410703640146,0.6963171472017751,5.526315789473684,0.0011444893036935966
0.894736842105263,0.006847410703640146,0.6963171472017751,5.7894736842105265,0.0014850559614625336
0.894736842105263,0.006847410703640146,0.6963171472017751,6.052631578947368,0.0018852230717812946
0.894736842105263,0.006847410703640146,0.6963171472017751,6.315789473684211,0.0023477081600097316
0.894736842105263,0.006847410703640146,0.6963171472017751,6.578947368421053,0.002874572481990967
0.894736842105263,0.006847410703640146,0.6963171472017751,6.842105263157895,0.003467256560869547
0.894736842105263,0.006847410703640146,0.6963171472017751,7.105263157894736,0.004126626782521514
0.894736842105263,0.006847410703640146,0.6963171472017751,7.368421052631579,0.004853028468424392
0.894736842105263,0.006847410703640146,0.6963171472017751,7.631578947368421,0.005646341891789364
0.894736842105263,0.006847410703640146,0.6963171472017751,7.894736842105263,0.006506038611933551
0.894736842105263,0.006847410703640146,0.6963171472017751,8.157894736842106,0.007431236256121965
0.894736842105263,0.006847410703640146,0.6963171472017751,8.421052631578947,0.00842075048224622
0.894736842105263,0.006847410703640146,0.6963171472017751,8.68421052631579,0.009473143325521294
0.894736842105263,0.006847410703640146,0.6963171472017751,8.947368421052632,0.010586767487931525
0.894736842105263,0.006847410703640146,0.6963171472017751,9.210526315789473,0.011759806390954974
0.894736842105263,0.006847410703640146,0.6963171472017751,9.473684210526315,0.01299030999906614
0.894736842105263,0.006847410703640146,0.6963171472017751,9.736842105263158,0.01427622655015559
0.894736842105263,0.006847410703640146,0.6963171472017751,10.0,0.015615430413066234
0.9473684210526315,0.006847410703640146,0.6963171472017751,5.0,0.00029415589005554743
0.9473684210526315,0.006847410703640146,0.6963171472017751,5.2631578947368425,0.0004175706047200301
0.9473684210526315,0.006847410703640146,0.6963171472017751,5.526315789473684,0.0005738531123049562
0.9473684210526315,0.006847410703640146,0.6963171472017751,5.7894736842105265,0.0007668110027836407
0.9473684210526315,0.006847410703640146,0.6963171472017751,6.052631578947368,0.0009999145074741644
0.9473684210526315,0.006847410703640146,0.6963171472017751,6.315789473684211,0.0012762462260217378
0.9473684210526315,0.006847410703640146,0.6963171472017751,6.578947368421053,0.0015984720060469026
0.9473684210526315,0.006847410703640146,0.6963171472017751,6.842105263157895,0.0019688294856400335
0.9473684210526315,0.006847410703640146,0.6963171472017751,7.105263157894736,0.002389130736963785
0.9473684210526315,0.006847410703640146,0.6963171472017751,7.368421052631579,0.0028607756774704503
0.9473684210526315,0.006847410703640146,0.6963171472017751,7.631578947368421,0.003384773302689048
0.9473684210526315,0.006847410703640146,0.6963171472017751,7.894736842105263,0.003961768245514641
0.9473684210526315,0.006847410703640146,0.6963171472017751,8.157894736842106,0.004592070620955568
0.9473684210526315,0.006847410703640146,0.6963171472017751,8.421052631578947,0.005275687537463325
0.9473684210526315,0.006847410703640146,0.6963171472017751,8.68421052631579,0.006012355028762517
0.9473684210526315,0.006847410703640146,0.6963171472017751,8.947368421052632,0.006801569477278169
0.9473684210526315,0.006847410703640146,0.6963171472017751,9.210526315789473,0.0076426178623705265
0.9473684210526315,0.006847410703640146,0.6963171472017751,9.473684210526315,0.008534606377962328
0.9473684210526315,0.006847410703640146,0.6963171472017751,9.736842105263158,0.00947648713087601
0.9473684210526315,0.006847410703640146,0.6963171472017751,10.0,0.01046708275993824
1.0,0.006847410703640146,0.6963171472017751,5.0,0.00013262846257300343
1.0,0.006847410703640146,0.6963171472017751,5.2631578947368425,0.0001954990059875872
1.0,0.006847410703640146,0.6963171472017751,5.526315789473684,0.0002779847039315886
1.0,0.006847410703640146,0.6963171472017751,5.7894736842105265,0.0003831556524411805
1.0,0.006847410703640146,0.6963171472017751,6.052631578947368,0.0005139870381696277
1.0,0.006847410703640146,0.6963171472017751,6.315789473684211,0.0006732977904811976
1.0,0.006847410703640146,0.6963171472017751,6.578947368421053,0.0008637027803364283
1.0,0.006847410703640146,0.6963171472017751,6.842105263157895,0.0010875780498555976
1.0,0.006847410703640146,0.6963171472017751,7.105263157894736,0.0013470378786797355
1.0,0.006847410703640146,0.6963171472017751,7.368421052631579,0.0016439221338304666
1.0,0.006847410703640146,0.6963171472017751,7.631578947368421,0.001979792220262566
1.0,0.006847410703640146,0.6963171472017751,7.894736842105263,0.002355933974094726
1.0,0.006847410703640146,0.6963171472017751,8.157894736842106,0.0027733659602314775
1.0,0.006847410703640146,0.6963171472017751,8.421052631578947,0.003232851807055792
1.0,0.006847410703640146,0.6963171472017751,8.68421052631579,0.00373491540264792
1.0,0.006847410703640146,0.6963171472017751,8.947368421052632,0.004279857969635592
1.0,0.006847410703640146,0.6963171472017751,9.210526315789473,0.004867776217130637
1.0,0.006847410703640146,0.6963171472017751,9.473684210526315,0.005498580931629027
1.0,0.006847410703640146,0.6963171472017751,9.736842105263158,0.006172015511372141
1.0,0.006847410703640146,0.6963171472017751,10.0,0.006887674070015448
0.0,0.008393642909393706,0.5072617586166444,5.0,1.0
0.0,0.008393642909393706,0.5072617586166444,5.2631578947368425,1.0
0.0,0.008393642909393706,0.5072617586166444,5.526315789473684,1.0
0.0,0.008393642909393706,0.5072617586166444,5.7894736842105265,1.0
0.0,0.008393642909393706,0.5072617586166444,6.052631578947368,1.0
0.0,0.008393642909393706,0.5072617586166444,6.315789473684211,1.0
0.0,0.008393642909393706,0.5072617586166444,6.578947368421053,1.0
0.0,0.008393642909393706,0.5072617586166444,6.842105263157895,1.0
0.0,0.008393642909393706,0.5072617586166444,7.105263157894736,1.0
0.0,0.008393642909393706,0.5072617586166444,7.368421052631579,1.0
0.0,0.008393642909393706,0.5072617586166444,7.631578947368421,1.0
0.0,0.008393642909393706,0.5072617586166444,7.894736842105263,1.0
0.0,0.008393642909393706,0.5072617586166444,8.157894736842106,1.0
0.0,0.008393642909393706,0.5072617586166444,8.421052631578947,1.0
0.0,0.008393642909393706,0.5072617586166444,8.68421052631579,1.0
0.0,0.008393642909393706,0.5072617586166444,8.947368421052632,1.0
0.0,0.008393642909393706,0.5072617586166444,9.210526315789473,1.0
0.0,0.008393642909393706,0.5072617586166444,9.473684210526315,1.0
0.0,0.008393642909393706,0.5072617586166444,9.736842105263158,1.0
0.0,0.008393642909393706,0.5072617586166444,10.0,1.0
0.05263157894736842,0.008393642909393706,0.5072617586166444,5.0,0.8558456704963089
0.05263157894736842,0.008393642909393706,0.5072617586166444,5.2631578947368425,0.8594572587040955
0.05263157894736842,0.008393642909393706,0.5072617586166444,5.526315789473684,0.8628103355022513
0.05263157894736842,0.008393642909393706,0.5072617586166444,5.7894736842105265,0.8659343373962497
0.05263157894736842,0.008393642909393706,0.5072617586166444,6.052631578947368,0.868854212445113
0.05263157894736842,0.008393642909393706,0.5072617586166444,6.315789473684211,0.871591263495167
0.05263157894736842,0.008393642909393706,0.5072617586166444,6.578947368421053,0.8741638055464553
0.05263157894736842,0.008393642909393706,0.5072617586166444,6.842105263157895,0.8765876838059133
0.05263157894736842,0.008393642909393706,0.5072617586166444,7.105263157894736,0.8788766860259275
0.05263157894736842,0.008393642909393706,0.5072617586166444,7.368421052631579,0.8810428737114253
0.05263157894736842,0.008393642909393706,0.5072617586166444,7.631578947368421,0.8830968504101945
0.05263157894736842,0.008393642909393706,0.5072617586166444,7.894736842105263,0.8850479807400641
0.05263157894736842,0.008393642909393706,0.5072617586166444,8.157894736842106,0.8869045704981241
0.05263157894736842,0.008393642909393706,0.5072617586166444,8.421052631578947,0.8886740157688605
0.05263157894736842,0.008393642909393706,0.5072617586166444,8.68421052631579,0.8903629271461805
0.05263157894736842,0.008393642909393706,0.5072617586166444,8.947368421052632,0.891977233833519
0.05263157894736842,0.008393642909393706,0.5072617586166444,9.210526315789473,0.8935222713639344
0.05263157894736842,0.008393642909393706,0.5072617586166444,9.473684210526315,0.8950028559015134
0.05263157894736842,0.008393642909393706,0.5072617586166444,9.736842105263158,0.8964233474843741
0.05263157894736842,0.008393642909393706,0.5072617586166444,10.0,0.8977877041031338
0.10526315789473684,0.008393642909393706,0.5072617586166444,5.0,0.7163584534988218
0.10526315789473684,0.008393642909393706,0.5072617586166444,5.2631578947368425,0.7232413176428165
0.10526315789473684,0.008393642909393706,0.5072617586166444,5.526315789473684,0.7296465940981696
0.10526315789473684,0.008393642909393706,0.5072617586166444,5.7894736842105265,0.7356270424259693
0.10526315789473684,0.008393642909393706,0.5072617586166444,6.052631578947368,0.7412276120042622
0.10526315789473684,0.008393642909393706,0.5072617586166444,6.315789473684211,0.7464868674560267
0.10526315789473684,0.008393642909393706,0.5072617586166444,6.578947368421053,0.7514381086620291
0.10526315789473684,0.008393642909393706,0.5072617586166444,6.842105263157895,0.7561102597584402
0.10526315789473684,0.008393642909393706,0.5072617586166444,7.105263157894736,0.7605285813720121
0.10526315789473684,0.008393642909393706,0.5072617586166444,7.368421052631579,0.7647152461633921
0.10526315789473684,0.008393642909393706,0.5072617586166444,7.631578947368421,0.7686898076253308
0.10526315789473684,0.008393642909393706,0.5072617586166444,7.894736842105263,0.7724695847619651
0.10526315789473684,0.008393642909393706,0.5072617586166444,8.157894736842106,0.7760699799181798
0.10526315789473684,0.008393642909393706,0.5072617586166444,8.421052631578947,0.779504743063943
0.10526315789473684,0.008393642909393706,0.5072617586166444,8.68421052631579,0.7827861928747608
0.10526315789473684,0.008393642909393706,0.5072617586166444,8.947368421052632,0.7859254027120645
0.10526315789473684,0.008393642909393706,0.5072617586166444,9.210526315789473,0.7889323579030834
0.10526315789473684,0.008393642909393706,0.5072617586166444,9.473684210526315,0.7918160894105133
0.10526315789473684,0.008393642909393706,0.5072617586166444,9.736842105263158,0.7945847879684829
0.10526315789473684,0.008393642909393706,0.5072617586166444,10.0,0.7972459019703747
0.15789473684210525,0.008393642909393706,0.5072617586166444,5.0,0.5857570502565632
0.15789473684210525,0.008393642909393706,0.5072617586166444,5.2631578947368425,0.59528345965704
0.15789473684210525,0.008393642909393706,0.5072617586166444,5.526315789473684,0.6041837364351841
0.15789473684210525,0.008393642909393706,0.5072617586166444,5.7894736842105265,0.6125233532893974
0.15789473684210525,0.008393642909393706,0.5072617586166444,6.052631578947368,0.6203586171194166
0.15789473684210525,0.008393642909393706,0.5072617586166444,6.315789473684211,0.6277382492384813
0.15789473684210525,0.008393642909393706,0.5072617586166444,6.578947368421053,0.6347046461870764
0.15789473684210525,0.008393642909393706,0.5072617586166444,6.842105263157895,0.641294894428801
0.15789473684210525,0.008393642909393706,0.5072617586166444,7.105263157894736,0.6475415935543978
0.15789473684210525,0.008393642909393706,0.5072617586166444,7.368421052631579,0.6534735291459446
0.15789473684210525,0.008393642909393706,0.5072617586166444,7.631578947368421,0.659116226610603
0.15789473684210525,0.008393642909393706,0.5072617586166444,7.894736842105263,0.664492410026585
0.15789473684210525,0.008393642909393706,0.5072617586166444,8.157894736842106,0.6696223846251532
0.15789473684210525,0.008393642909393706,0.5072617586166444,8.421052631578947,0.6745243574533272
0.15789473684210525,0.008393642909393706,0.5072617586166444,8.68421052631579,0.6792147076639916
0.15789473684210525,0.008393642909393706,0.5072617586166444,8.947368421052632,0.6837082155074921
0.15789473684210525,0.008393642909393706,0.5072617586166444,9.210526315789473,0.6880182572673157
0.15789473684210525,0.008393642909393706,0.5072617586166444,9.473684210526315,0.6921569719580898
0.15789473684210525,0.008393642909393706,0.5072617586166444,9.736842105263158,0.6961354044885154
0.15789473684210525,0.008393642909393706,0.5072617586166444,10.0,0.6999636291122129
0.21052631578947367,0.008393642909393706,0.5072617586166444,5.0,0.46743437425028445
0.21052631578947367,0.008393642909393706,0.5072617586166444,5.2631578947368425,0.4787835758840453
0.21052631578947367,0.008393642909393706,0.5072617586166444,5.526315789473684,0.48944529459443764
0.21052631578947367,0.008393642909393706,0.5072617586166444,5.7894736842105265,0.49948532598673967
0.21052631578947367,0.008393642909393706,0.5072617586166444,6.052631578947368,0.5089611106065742
0.21052631578947367,0.008393642909393706,0.5072617586166444,6.315789473684211,0.5179230252235201
0.21052631578947367,0.008393642909393706,0.5072617586166444,6.578947368421053,0.5264154438149508
0.21052631578947367,0.008393642909393706,0.5072617586166444,6.842105263157895,0.5344776138598734
0.21052631578947367,0.008393642909393706,0.5072617586166444,7.105263157894736,0.5421443838461781
0.21052631578947367,0.008393642909393706,0.5072617586166444,7.368421052631579,0.5494468103318124
0.21052631578947367,0.008393642909393706,0.5072617586166444,7.631578947368421,0.5564126670139823
0.21052631578947367,0.008393642909393706,0.5072617586166444,7.894736842105263,0.563066873673375
0.21052631578947367,0.008393642909393706,0.5072617586166444,8.157894736842106,0.5694318592763064
0.21052631578947367,0.008393642909393706,0.5072617586166444,8.421052631578947,0.5755278707074121
0.21052631578947367,0.008393642909393706,0.5072617586166444,8.68421052631579,0.5813732363929018
0.21052631578947367,0.008393642909393706,0.5072617586166444,8.947368421052632,0.5869845923246646
0.21052631578947367,0.008393642909393706,0.5072617586166444,9.210526315789473,0.592377076605463
0.21052631578947367,0.008393642909393706,0.5072617586166444,9.473684210526315,0.5975644975259609
0.21052631578947367,0.008393642909393706,0.5072617586166444,9.736842105263158,0.6025594792946533
0.21052631578947367,0.008393642909393706,0.5072617586166444,10.0,0.6073735888250162
0.2631578947368421,0.008393642909393706,0.5072617586166444,5.0,0.3637066579389808
0.2631578947368421,0.008393642909393706,0.5072617586166444,5.2631578947368425,0.3759811136176546
0.2631578947368421,0.008393642909393706,0.5072617586166444,5.526315789473684,0.3875938254258313
0.2631578947368421,0.008393642909393706,0.5072617586166444,5.7894736842105265,0.39859971518174986
0.2631578947368421,0.008393642909393706,0.5072617586166444,6.052631578947368,0.40904790966433036
0.2631578947368421,0.008393642909393706,0.5072617586166444,6.315789473684211,0.4189824281805955
0.2631578947368421,0.008393642909393706,0.5072617586166444,6.578947368421053,0.4284427916786583
0.2631578947368421,0.008393642909393706,0.5072617586166444,6.842105263157895,0.43746455795526573
0.2631578947368421,0.008393642909393706,0.5072617586166444,7.105263157894736,0.4460797896943681
0.2631578947368421,0.008393642909393706,0.5072617586166444,7.368421052631579,0.45431746273695806
0.2631578947368421,0.008393642909393706,0.5072617586166444,7.631578947368421,0.46220382185108155
0.2631578947368421,0.008393642909393706,0.5072617586166444,7.894736842105263,0.4697626907532856
0.2631578947368421,0.008393642909393706,0.5072617586166444,8.157894736842106,0.47701574245554457
0.2631578947368421,0.008393642909393706,0.5072617586166444,8.421052631578947,0.4839827352977576
0.2631578947368421,0.008393642909393706,0.5072617586166444,8.68421052631579,0.4906817193388239
0.2631578947368421,0.008393642909393706,0.5072617586166444,8.947368421052632,0.4971292171491915
0.2631578947368421,0.008393642909393706,0.5072617586166444,9.210526315789473,0.5033403824860316
0.2631578947368421,0.008393642909393706,0.5072617586166444,9.473684210526315,0.5093291398402118
0.2631578947368421,0.008393642909393706,0.5072617586166444,9.736842105263158,0.5151083074181666
0.2631578947368421,0.008393642909393706,0.5072617586166444,10.0,0.5206897057554991
0.3157894736842105,0.008393642909393706,0.5072617586166444,5.0,0.2757176692594251
0.3157894736842105,0.008393642909393706,0.5072617586166444,5.2631578947368425,0.28805841256473497
0.3157894736842105,0.008393642909393706,0.5072617586166444,5.526315789473684,0.29983511880411884
0.3157894736842105,0.008393642909393706,0.5072617586166444,5.7894736842105265,0.3110842042992016
0.3157894736842105,0.008393642909393706,0.5072617586166444,6.052631578947368,0.32183975205372894
0.3157894736842105,0.008393642909393706,0.5072617586166444,6.315789473684211,0.3321334960765523
0.3157894736842105,0.008393642909393706,0.5072617586166444,6.578947368421053,0.3419948830488716
0.3157894736842105,0.008393642909393706,0.5072617586166444,6.842105263157895,0.35145117863259157
0.3157894736842105,0.008393642909393706,0.5072617586166444,7.105263157894736,0.3605275973903771
0.3157894736842105,0.008393642909393706,0.5072617586166444,7.368421052631579,0.36924744290178324
0.3157894736842105,0.008393642909393706,0.5072617586166444,7.631578947368421,0.37763224964288544
0.3157894736842105,0.008393642909393706,0.5072617586166444,7.894736842105263,0.3857019214626217
0.3157894736842105,0.008393642909393706,0.5072617586166444,8.157894736842106,0.39347486362686235
0.3157894736842105,0.008393642909393706,0.5072617586166444,8.421052631578947,0.40096810679437334
0.3157894736842105,0.008393642909393706,0.5072617586166444,8.68421052631579,0.40819742218860955
0.3157894736842105,0.008393642909393706,0.5072617586166444,8.947368421052632,0.41517742780151345
0.3157894736842105,0.008393642909393706,0.5072617586166444,9.210526315789473,0.4219216858202631
0.3157894736842105,0.008393642909393706,0.5072617586166444,9.473684210526315,0.4284427916786582
0.3157894736842105,0.008393642909393706,0.5072617586166444,9.736842105263158,0.4347524552506776
0.3157894736842105,0.008393642909393706,0.5072617586166444,10.0,0.44086157475769994
0.3684210526315789,0.008393642909393706,0.5072617586166444,5.0,0.20349583893992906
0.3684210526315789,0.008393642909393706,0.5072617586166444,5.2631578947368425,0.21517679737153483
0.3684210526315789,0.008393642909393706,0.5072617586166444,5.526315789473684,0.2264382248100658
0.3684210526315789,0.008393642909393706,0.5072617586166444,5.7894736842105265,0.23729514534036278
0.3684210526315789,0.008393642909393706,0.5072617586166444,6.052631578947368,0.24776364065631928
0.3684210526315789,0.008393642909393706,0.5072617586166444,6.315789473684211,0.2578602488925208
0.3684210526315789,0.008393642909393706,0.5072617586166444,6.578947368421053,0.26760154820978743
0.3684210526315789,0.008393642909393706,0.5072617586166444,6.842105263157895,0.2770038723965509
0.3684210526315789,0.008393642909393706,0.5072617586166444,7.105263157894736,0.2860831209020467
0.3684210526315789,0.008393642909393706,0.5072617586166444,7.368421052631579,0.29485463640045195
0.3684210526315789,0.008393642909393706,0.5072617586166444,7.631578947368421,0.3033331305556185
0.3684210526315789,0.008393642909393706,0.5072617586166444,7.894736842105263,0.31153264404888925
0.3684210526315789,0.008393642909393706,0.5072617586166444,8.157894736842106,0.3194665307935689
0.3684210526315789,0.008393642909393706,0.5072617586166444,8.421052631578947,0.3271474590373107
0.3684210526315789,0.008393642909393706,0.5072617586166444,8.68421052631579,0.33458742406081754
0.3684210526315789,0.008393642909393706,0.5072617586166444,8.947368421052632,0.3417977686374122
0.3684210526315789,0.008393642909393706,0.5072617586166444,9.210526315789473,0.3487892084781077
0.3684210526315789,0.008393642909393706,0.5072617586166444,9.473684210526315,0.35557186066080937
0.3684210526315789,0.008393642909393706,0.5072617586166444,9.736842105263158,0.3621552736086554
0.3684210526315789,0.008393642909393706,0.5072617586166444,10.0,0.3685484575975877
0.42105263157894735,0.008393642909393706,0.5072617586166444,5.0,0.14613502775895693
0.42105263157894735,0.008393642909393706,0.5072617586166444,5.2631578947368425,0.15662308999236163
0.42105263157894735,0.008393642909393706,0.5072617586166444,5.526315789473684,0.16685422079631063
0.42105263157894735,0.008393642909393706,0.5072617586166444,5.7894736842105265,0.17682374417188573
0.42105263157894735,0.008393642909393706,0.5072617586166444,6.052631578947368,0.18653056773797927
0.42105263157894735,0.008393642909393706,0.5072617586166444,6.315789473684211,0.1959762595310599
0.42105263157894735,0.008393642909393706,0.5072617586166444,6.578947368421053,0.20516434164782127
0.42105263157894735,0.008393642909393706,0.5072617586166444,6.842105263157895,0.2140997496892143
0.42105263157894735,0.008393642909393706,0.5072617586166444,7.105263157894736,0.22278841915879788
0.42105263157894735,0.008393642909393706,0.5072617586166444,7.368421052631579,0.23123696924474313
0.42105263157894735,0.008393642909393706,0.5072617586166444,7.631578947368421,0.2394524614471184
0.42105263157894735,0.008393642909393706,0.5072617586166444,7.894736842105263,0.24744221583779402
0.42105263157894735,0.008393642909393706,0.5072617586166444,8.157894736842106,0.2552136717758965
0.42105263157894735,0.008393642909393706,0.5072617586166444,8.421052631578947,0.26277428296465755
0.42105263157894735,0.008393642909393706,0.5072617586166444,8.68421052631579,0.2701314390654568
0.42105263157894735,0.008393642909393706,0.5072617586166444,8.947368421052632,0.27729240786202713
0.42105263157894735,0.008393642909393706,0.5072617586166444,9.210526315789473,0.2842642933272991
0.42105263157894735,0.008393642909393706,0.5072617586166444,9.473684210526315,0.2910540059885395
0.42105263157894735,0.008393642909393706,0.5072617586166444,9.736842105263158,0.2976682427893691
0.42105263157894735,0.008393642909393706,0.5072617586166444,10.0,0.30411347426714075
0.47368421052631576,0.008393642909393706,0.5072617586166444,5.0,0.10205227790743177
0.47368421052631576,0.008393642909393706,0.5072617586166444,5.2631578947368425,0.11102882440670503
0.47368421052631576,0.008393642909393706,0.5072617586166444,5.526315789473684,0.11990307436639147
0.47368421052631576,0.008393642909393706,0.5072617586166444,5.7894736842105265,0.1286556797074776
0.47368421052631576,0.008393642909393706,0.5072617586166444,6.052631578947368,0.13727211874118916
0.47368421052631576,0.008393642909393706,0.5072617586166444,6.315789473684211,0.14574175246319487
0.47368421052631576,0.008393642909393706,0.5072617586166444,6.578947368421053,0.15405705871158615
0.47368421052631576,0.008393642909393706,0.5072617586166444,6.842105263157895,0.16221301180843883
0.47368421052631576,0.008393642909393706,0.5072617586166444,7.105263157894736,0.1702065805056402
0.47368421052631576,0.008393642909393706,0.5072617586166444,7.368421052631579,0.17803632180518913
0.47368421052631576,0.008393642909393706,0.5072617586166444,7.631578947368421,0.18570205233796588
0.47368421052631576,0.008393642909393706,0.5072617586166444,7.894736842105263,0.19320458244128902
0.47368421052631576,0.008393642909393706,0.5072617586166444,8.157894736842106,0.20054550092606083
0.47368421052631576,0.008393642909393706,0.5072617586166444,8.421052631578947,0.20772700084798856
0.47368421052631576,0.008393642909393706,0.5072617586166444,8.68421052631579,0.2147517384778751
0.47368421052631576,0.008393642909393706,0.5072617586166444,8.947368421052632,0.22162271918114373
0.47368421052631576,0.008393642909393706,0.5072617586166444,9.210526315789473,0.2283432051345492
0.47368421052631576,0.008393642909393706,0.5072617586166444,9.473684210526315,0.23491664078572028
0.47368421052631576,0.008393642909393706,0.5072617586166444,9.736842105263158,0.24134659274597625
0.47368421052631576,0.008393642909393706,0.5072617586166444,10.0,0.24763670143715302
0.5263157894736842,0.008393642909393706,0.5072617586166444,5.0,0.0692707919095783
0.5263157894736842,0.008393642909393706,0.5072617586166444,5.2631578947368425,0.07661876352390662
0.5263157894736842,0.008393642909393706,0.5072617586166444,5.526315789473684,0.08399209828153475
0.5263157894736842,0.008393642909393706,0.5072617586166444,5.7894736842105265,0.09136335610822699
0.5263157894736842,0.008393642909393706,0.5072617586166444,6.052631578947368,0.09870988385582746
0.5263157894736842,0.008393642909393706,0.5072617586166444,6.315789473684211,0.10601309175671814
0.5263157894736842,0.008393642909393706,0.5072617586166444,6.578947368421053,0.1132578255232396
0.5263157894736842,0.008393642909393706,0.5072617586166444,6.842105263157895,0.12043182701089838
0.5263157894736842,0.008393642909393706,0.5072617586166444,7.105263157894736,0.1275252741728019
0.5263157894736842,0.008393642909393706,0.5072617586166444,7.368421052631579,0.13453039050525972
0.5263157894736842,0.008393642909393706,0.5072617586166444,7.631578947368421,0.14144111454523256
0.5263157894736842,0.008393642909393706,0.5072617586166444,7.894736842105263,0.14825282077331525
0.5263157894736842,0.008393642909393706,0.5072617586166444,8.157894736842106,0.15496208423911906
0.5263157894736842,0.008393642909393706,0.5072617586166444,8.421052631578947,0.16156648221367598
0.5263157894736842,0.008393642909393706,0.5072617586166444,8.68421052631579,0.16806442710959935
0.5263157894736842,0.008393642909393706,0.5072617586166444,8.947368421052632,0.1744550257584392
0.5263157894736842,0.008393642909393706,0.5072617586166444,9.210526315789473,0.1807379608833709
0.5263157894736842,0.008393642909393706,0.5072617586166444,9.473684210526315,0.18691339125416362
0.5263157894736842,0.008393642909393706,0.5072617586166444,9.736842105263158,0.19298186756688152
0.5263157894736842,0.008393642909393706,0.5072617586166444,10.0,0.19894426156250644
0.5789473684210527,0.008393642909393706,0.5072617586166444,5.0,0.0456825744781284
0.5789473684210527,0.008393642909393706,0.5072617586166444,5.2631578947368425,0.05144894895877683
0.5789473684210527,0.008393642909393706,0.5072617586166444,5.526315789473684,0.057331328525402236
0.5789473684210527,0.008393642909393706,0.5072617586166444,5.7894736842105265,0.06330057192405969
0.5789473684210527,0.008393642909393706,0.5072617586166444,6.052631578947368,0.06933132930012953
0.5789473684210527,0.008393642909393706,0.5072617586166444,6.315789473684211,0.07540166112233893
0.5789473684210527,0.008393642909393706,0.5072617586166444,6.578947368421053,0.08149266345249573
0.5789473684210527,0.008393642909393706,0.5072617586166444,6.842105263157895,0.08758811388674315
0.5789473684210527,0.008393642909393706,0.5072617586166444,7.105263157894736,0.09367414551113518
0.5789473684210527,0.008393642909393706,0.5072617586166444,7.368421052631579,0.09973895182869663
0.5789473684210527,0.008393642909393706,0.5072617586166444,7.631578947368421,0.10577252294257611
0.5789473684210527,0.008393642909393706,0.5072617586166444,7.894736842105263,0.11176641172373103
0.5789473684210527,0.008393642909393706,0.5072617586166444,8.157894736842106,0.11771352785299127
0.5789473684210527,0.008393642909393706,0.5072617586166444,8.421052631578947,0.12360795724193775
0.5789473684210527,0.008393642909393706,0.5072617586166444,8.68421052631579,0.12944480423090754
0.5789473684210527,0.008393642909393706,0.5072617586166444,8.947368421052632,0.13522005402218962
0.5789473684210527,0.008393642909393706,0.5072617586166444,9.210526315789473,0.1409304529590094
0.5789473684210527,0.008393642909393706,0.5072617586166444,9.473684210526315,0.1465734044596929
0.5789473684210527,0.008393642909393706,0.5072617586166444,9.736842105263158,0.15214687863252851
0.5789473684210527,0.008393642909393706,0.5072617586166444,10.0,0.15764933381279933
0.631578947368421,0.008393642909393706,0.5072617586166444,5.0,0.029258984540786126
0.631578947368421,0.008393642909393706,0.5072617586166444,5.2631578947368425,0.03360487909869203
0.631578947368421,0.008393642909393706,0.5072617586166444,5.526315789473684,0.03811888532977992
0.631578947368421,0.008393642909393706,0.5072617586166444,5.7894736842105265,0.04277510201979451
0.631578947368421,0.008393642909393706,0.5072617586166444,6.052631578947368,0.04754994891076092
0.631578947368421,0.008393642909393706,0.5072617586166444,6.315789473684211,0.052422126202713026
0.631578947368421,0.008393642909393706,0.5072617586166444,6.578947368421053,0.057372513526001256
0.631578947368421,0.008393642909393706,0.5072617586166444,6.842105263157895,0.06238403373761536
0.631578947368421,0.008393642909393706,0.5072617586166444,7.105263157894736,0.0674414989231471
0.631578947368421,0.008393642909393706,0.5072617586166444,7.368421052631579,0.07253145026093932
0.631578947368421,0.008393642909393706,0.5072617586166444,7.631578947368421,0.07764199934786609
0.631578947368421,0.008393642909393706,0.5072617586166444,7.894736842105263,0.08276267574631202
0.631578947368421,0.008393642909393706,0.5072617586166444,8.157894736842106,0.08788428354927691
0.631578947368421,0.008393642909393706,0.5072617586166444,8.421052631578947,0.0929987684238528
0.631578947368421,0.008393642909393706,0.5072617586166444,8.68421052631579,0.09809909569951802
0.631578947368421,0.008393642909393706,0.5072617586166444,8.947368421052632,0.1031791394846644
0.631578947368421,0.008393642909393706,0.5072617586166444,9.210526315789473,0.10823358242795955
0.631578947368421,0.008393642909393706,0.5072617586166444,9.473684210526315,0.1132578255232396
0.631578947368421,0.008393642909393706,0.5072617586166444,9.736842105263158,0.11824790724001633
0.631578947368421,0.008393642909393706,0.5072617586166444,10.0,0.12320043121286106
0.6842105263157894,0.008393642909393706,0.5072617586166444,5.0,0.018194084320082626
0.6842105263157894,0.008393642909393706,0.5072617586166444,5.2631578947368425,0.02134384501471287
0.6842105263157894,0.008393642909393706,0.5072617586166444,5.526315789473684,0.024680195980235742
0.6842105263157894,0.008393642909393706,0.5072617586166444,5.7894736842105265,0.028183382449736838
0.6842105263157894,0.008393642909393706,0.5072617586166444,6.052631578947368,0.031834488844379116
0.6842105263157894,0.008393642909393706,0.5072617586166444,6.315789473684211,0.03561564748214352
0.6842105263157894,0.008393642909393706,0.5072617586166444,6.578947368421053,0.039510156424730214
0.6842105263157894,0.008393642909393706,0.5072617586166444,6.842105263157895,0.043502531536133926
0.6842105263157894,0.008393642909393706,0.5072617586166444,7.105263157894736,0.04757851200922314
0.6842105263157894,0.008393642909393706,0.5072617586166444,7.368421052631579,0.051725033903908924
0.6842105263157894,0.008393642909393706,0.5072617586166444,7.631578947368421,0.055930182524420835
0.6842105263157894,0.008393642909393706,0.5072617586166444,7.894736842105263,0.06018313158830979
0.6842105263157894,0.008393642909393706,0.5072617586166444,8.157894736842106,0.0644740749471181
0.6842105263157894,0.008393642909393706,0.5072617586166444,8.421052631578947,0.06879415496512176
0.6842105263157894,0.008393642909393706,0.5072617586166444,8.68421052631579,0.0731353904276183
0.6842105263157894,0.008393642909393706,0.5072617586166444,8.947368421052632,0.07749060593609614
0.6842105263157894,0.008393642909393706,0.5072617586166444,9.210526315789473,0.08185336407698918
0.6842105263157894,0.008393642909393706,0.5072617586166444,9.473684210526315,0.08621790116345063
0.6842105263157894,0.008393642909393706,0.5072617586166444,9.736842105263158,0.09057906699950136
0.6842105263157894,0.008393642909393706,0.5072617586166444,10.0,0.09493226886784822
0.7368421052631579,0.008393642909393706,0.5072617586166444,5.0,0.010980795887975625
0.7368421052631579,0.008393642909393706,0.5072617586166444,5.2631578947368425,0.013178406194748082
0.7368421052631579,0.008393642909393706,0.5072617586166444,5.526315789473684,0.015555978981846132
0.7368421052631579,0.008393642909393706,0.5072617586166444,5.7894736842105265,0.018100822190245336
0.7368421052631579,0.008393642909393706,0.5072617586166444,6.052631578947368,0.020799916657364692
0.7368421052631579,0.008393642909393706,0.5072617586166444,6.315789473684211,0.02364024572207779
0.7368421052631579,0.008393642909393706,0.5072617586166444,6.578947368421053,0.026609038293117004
0.7368421052631579,0.008393642909393706,0.5072617586166444,6.842105263157895,0.029693942321078137
0.7368421052631579,0.008393642909393706,0.5072617586166444,7.105263157894736,0.03288314336129594
0.7368421052631579,0.008393642909393706,0.5072617586166444,7.368421052631579,0.03616544053335702
0.7368421052631579,0.008393642909393706,0.5072617586166444,7.631578947368421,0.03953028994344099
0.7368421052631579,0.008393642909393706,0.5072617586166444,7.894736842105263,0.04296782365798735
0.7368421052631579,0.008393642909393706,0.5072617586166444,8.157894736842106,0.04646885063724415
0.7368421052631579,0.008393642909393706,0.5072617586166444,8.421052631578947,0.05002484464685064
0.7368421052631579,0.008393642909393706,0.5072617586166444,8.68421052631579,0.05362792303591124
0.7368421052631579,0.008393642909393706,0.5072617586166444,8.947368421052632,0.05727081936468448
0.7368421052631579,0.008393642909393706,0.5072617586166444,9.210526315789473,0.060946852147212405
0.7368421052631579,0.008393642909393706,0.5072617586166444,9.473684210526315,0.06464989141004307
0.7368421052631579,0.008393642909393706,0.5072617586166444,9.736842105263158,0.06837432432809065
0.7368421052631579,0.008393642909393706,0.5072617586166444,10.0,0.07211502085765265
0.7894736842105263,0.008393642909393706,0.5072617586166444,5.0,0.006430648889597879
0.7894736842105263,0.008393642909393706,0.5072617586166444,5.2631578947368425,0.007907914193975185
0.7894736842105263,0.008393642909393706,0.5072617586166444,5.526315789473684,0.00954287614436089
0.7894736842105263,0.008393642909393706,0.5072617586166444,5.7894736842105265,0.011329302697867139
0.7894736842105263,0.008393642909393706,0.5072617586166444,6.052631578947368,0.013259930022153643
0.7894736842105263,0.008393642909393706,0.5072617586166444,6.315789473684211,0.015326795506085844
0.7894736842105263,0.008393642909393706,0.5072617586166444,6.578947368421053,0.017521510794449524
0.7894736842105263,0.008393642909393706,0.5072617586166444,6.842105263157895,0.019835481015902934
0.7894736842105263,0.008393642909393706,0.5072617586166444,7.105263157894736,0.02226007732633284
0.7894736842105263,0.008393642909393706,0.5072617586166444,7.368421052631579,0.024786769921744667
0.7894736842105263,0.008393642909393706,0.5072617586166444,7.631578947368421,0.02740722820254149
0.7894736842105263,0.008393642909393706,0.5072617586166444,7.894736842105263,0.030113394057958875
0.7894736842105263,0.008393642909393706,0.5072617586166444,8.157894736842106,0.032897533445213734
0.7894736842105263,0.008393642909393706,0.5072617586166444,8.421052631578947,0.035752270654313856
0.7894736842105263,0.008393642909393706,0.5072617586166444,8.68421052631579,0.03867060892497376
0.7894736842105263,0.008393642909393706,0.5072617586166444,8.947368421052632,0.04164594043860226
0.7894736842105263,0.008393642909393706,0.5072617586166444,9.210526315789473,0.044672048152037624
0.7894736842105263,0.008393642909393706,0.5072617586166444,9.473684210526315,0.047743101467934035
0.7894736842105263,0.008393642909393706,0.5072617586166444,9.736842105263158,0.05085364734228226
0.7894736842105263,0.008393642909393706,0.5072617586166444,10.0,0.0539985981033988
0.8421052631578947,0.008393642909393706,0.5072617586166444,5.0,0.0036533422650589786
0.8421052631578947,0.008393642909393706,0.5072617586166444,5.2631578947368425,0.0046107396387146116
0.8421052631578947,0.008393642909393706,0.5072617586166444,5.526315789473684,0.00569637422986502
0.8421052631578947,0.008393642909393706,0.5072617586166444,5.7894736842105265,0.006908996424965563
0.8421052631578947,0.008393642909393706,0.5072617586166444,6.052631578947368,0.008246068908058013
0.8421052631578947,0.008393642909393706,0.5072617586166444,6.315789473684211,0.009704025354040802
0.8421052631578947,0.008393642909393706,0.5072617586166444,6.578947368421053,0.011278502586826389
0.8421052631578947,0.008393642909393706,0.5072617586166444,6.842105263157895,0.012964543414512808
0.8421052631578947,0.008393642909393706,0.5072617586166444,7.105263157894736,0.014756770093761418
0.8421052631578947,0.008393642909393706,0.5072617586166444,7.368421052631579,0.01664953001842051
0.8421052631578947,0.008393642909393706,0.5072617586166444,7.631578947368421,0.018637016114823823
0.8421052631578947,0.008393642909393706,0.5072617586166444,7.894736842105263,0.020713364813362167
0.8421052631578947,0.008393642909393706,0.5072617586166444,8.157894736842106,0.022872734535918537
0.8421052631578947,0.008393642909393706,0.5072617586166444,8.421052631578947,0.025109367518654002
0.8421052631578947,0.008393642909393706,0.5072617586166444,8.68421052631579,0.02741763756507032
0.8421052631578947,0.008393642909393706,0.5072617586166444,8.947368421052632,0.029792086051232403
0.8421052631578947,0.008393642909393706,0.5072617586166444,9.210526315789473,0.03222744821879853
0.8421052631578947,0.008393642909393706,0.5072617586166444,9.473684210526315,0.03471867151326158
0.8421052631578947,0.008393642909393706,0.5072617586166444,9.736842105263158,0.037260927466385096
0.8421052631578947,0.008393642909393706,0.5072617586166444,10.0,0.039849618388932084
0.894736842105263,0.008393642909393706,0.5072617586166444,5.0,0.0020130227810691848
0.894736842105263,0.008393642909393706,0.5072617586166444,5.2631578947368425,0.002611559993921486
0.894736842105263,0.008393642909393706,0.5072617586166444,5.526315789473684,0.0033080266647058654
0.894736842105263,0.008393642909393706,0.5072617586166444,5.7894736842105265,0.004104405804939315
0.894736842105263,0.008393642909393706,0.5072617586166444,6.052631578947368,0.005001472811457575
0.894736842105263,0.008393642909393706,0.5072617586166444,6.315789473684211,0.0059989490328589135
0.894736842105263,0.008393642909393706,0.5072617586166444,6.578947368421053,0.007095656982673559
0.894736842105263,0.008393642909393706,0.5072617586166444,6.842105263157895,0.008289669553449897
0.894736842105263,0.008393642909393706,0.5072617586166444,7.105263157894736,0.009578448540479734
0.894736842105263,0.008393642909393706,0.5072617586166444,7.368421052631579,0.010958969939323437
0.894736842105263,0.008393642909393706,0.5072617586166444,7.631578947368421,0.012427834990626052
0.894736842105263,0.008393642909393706,0.5072617586166444,7.894736842105263,0.013981366957422914
0.894736842105263,0.008393642909393706,0.5072617586166444,8.157894736842106,0.015615694262549164
0.894736842105263,0.008393642909393706,0.5072617586166444,8.421052631578947,0.017326820990696268
0.894736842105263,0.008393642909393706,0.5072617586166444,8.68421052631579,0.019110685951390982
0.894736842105263,0.008393642909393706,0.5072617586166444,8.947368421052632,0.02096321156590586
0.894736842105263,0.008393642909393706,0.5072617586166444,9.210526315789473,0.022880343826712002
0.894736842105263,0.008393642909393706,0.5072617586166444,9.473684210526315,0.024858084513856626
0.894736842105263,0.008393642909393706,0.5072617586166444,9.736842105263158,0.026892516760361418
0.894736842105263,0.008393642909393706,0.5072617586166444,10.0,0.028979824953186517
0.9473684210526315,0.008393642909393706,0.5072617586166444,5.0,0.0010755920191939383
0.9473684210526315,0.008393642909393706,0.5072617586166444,5.2631578947368425,0.0014367145187632602
0.9473684210526315,0.008393642909393706,0.5072617586166444,5.526315789473684,0.0018685875123523044
0.9473684210526315,0.008393642909393706,0.5072617586166444,5.7894736842105265,0.002374838599046747
0.9473684210526315,0.008393642909393706,0.5072617586166444,6.052631578947368,0.002958156651230115
0.9473684210526315,0.008393642909393706,0.5072617586166444,6.315789473684211,0.0036203471570800394
0.9473684210526315,0.008393642909393706,0.5072617586166444,6.578947368421053,0.004362406076280689
0.9473684210526315,0.008393642909393706,0.5072617586166444,6.842105263157895,0.0051846038478310374
0.9473684210526315,0.008393642909393706,0.5072617586166444,7.105263157894736,0.006086573284415531
0.9473684210526315,0.008393642909393706,0.5072617586166444,7.368421052631579,0.00706739686834823
0.9473684210526315,0.008393642909393706,0.5072617586166444,7.631578947368421,0.008125690400934693
0.9473684210526315,0.008393642909393706,0.5072617586166444,7.894736842105263,0.009259681071475123
0.9473684210526315,0.008393642909393706,0.5072617586166444,8.157894736842106,0.010467278847554162
0.9473684210526315,0.008393642909393706,0.5072617586166444,8.421052631578947,0.011746140694590124
0.9473684210526315,0.008393642909393706,0.5072617586166444,8.68421052631579,0.01309372755770244
0.9473684210526315,0.008393642909393706,0.5072617586166444,8.947368421052632,0.014507354324833521
0.9473684210526315,0.008393642909393706,0.5072617586166444,9.210526315789473,0.015984233171684736
0.9473684210526315,0.008393642909393706,0.5072617586166444,9.473684210526315,0.017521510794449524
0.9473684210526315,0.008393642909393706,0.5072617586166444,9.736842105263158,0.019116300087387073
0.9473684210526315,0.008393642909393706,0.5072617586166444,10.0,0.02076570683566259
1.0,0.008393642909393706,0.5072617586166444,5.0,0.0005572027165762217
1.0,0.008393642909393706,0.5072617586166444,5.2631578947368425,0.0007675565353830738
1.0,0.008393642909393706,0.5072617586166444,5.526315789473684,0.0010265077017371782
1.0,0.008393642909393706,0.5072617586166444,5.7894736842105265,0.0013381311559985676
1.0,0.008393642909393706,0.5072617586166444,6.052631578947368,0.0017058893183991009
1.0,0.008393642909393706,0.5072617586166444,6.315789473684211,0.0021326172336386673
1.0,0.008393642909393706,0.5072617586166444,6.578947368421053,0.0026205314963461124
1.0,0.008393642909393706,0.5072617586166444,6.842105263157895,0.0031712566407323672
1.0,0.008393642909393706,0.5072617586166444,7.105263157894736,0.003785863556106439
1.0,0.008393642909393706,0.5072617586166444,7.368421052631579,0.0044649154653202405
1.0,0.008393642909393706,0.5072617586166444,7.631578947368421,0.005208517946145186
1.0,0.008393642909393706,0.5072617586166444,7.894736842105263,0.006016370318852715
1.0,0.008393642909393706,0.5072617586166444,8.157894736842106,0.006887816439543393
1.0,0.008393642909393706,0.5072617586166444,8.421052631578947,0.007821893524444956
1.0,0.008393642909393706,0.5072617586166444,8.68421052631579,0.00881737809480665
1.0,0.008393642909393706,0.5072617586166444,8.947368421052632,0.009872828490416596
1.0,0.008393642909393706,0.5072617586166444,9.210526315789473,0.010986623669286044
1.0,0.008393642909393706,0.5072617586166444,9.473684210526315,0.012156998208252667
1.0,0.008393642909393706,0.5072617586166444,9.736842105263158,0.013382073559087382
1.0,0.008393642909393706,0.5072617586166444,10.0,0.014659885709933818
